cmun,dist,secc,poblacio,codi_edar
8001,1,1,1521,DABR
8001,1,2,1849,DABR
8001,1,3,854,DABR
8001,1,4,1953,DABR
8001,1,5,1853,DABR
8001,1,7,2653,DABR
8001,1,8,1937,DABR
8002,1,1,286
8003,1,1,2772
8003,1,2,2521
8003,1,3,2229
8003,1,4,2432
8004,1,1,269
8005,1,1,2569
8005,1,2,1722
8005,1,3,2559
8005,1,4,1155
8005,1,5,782
8006,1,1,2521
8006,1,2,2323
8006,1,3,1227
8006,1,4,1290
8006,2,1,1778
8006,2,2,1954
8006,2,3,1854
8006,2,4,1322
8006,2,5,1673
8007,1,1,1606
8007,1,2,3105
8007,2,1,2154
8007,2,2,2326
8008,1,1,220
8009,1,1,841,DMAT
8009,1,2,1659,DMAT
8009,1,3,892,DMAT
8009,1,4,1968,DMAT
8009,1,5,1149,DMAT
8009,1,6,2202,DMAT
8009,2,1,1238,DMAT
8009,2,2,1440,DMAT
8009,2,3,1240,DMAT
8010,1,1,1473,DSLL
8010,2,1,1580,DSLL
8010,2,2,985,DSLL
8010,2,3,1744,DSLL
8011,1,1,2199
8012,1,1,2286
8013,1,1,1701,DVDP
8014,1,1,2556
8015,1,1,1496,DBSS
8015,1,2,1252,DBSS
8015,1,3,997,DBSS
8015,1,4,1431,DBSS
8015,1,5,1534,DBSS
8015,1,7,1237,DBSS
8015,2,1,1391,DBSS
8015,2,2,1711,DBSS
8015,2,3,941,DBSS
8015,2,4,2060,DBSS
8015,2,5,1285,DBSS
8015,2,7,1295,DBSS
8015,2,8,2274,DBSS
8015,2,9,1210,DBSS
8015,2,10,1537,DBSS
8015,2,11,1480,DBSS
8015,2,12,1059,DBSS
8015,2,13,1234,DBSS
8015,2,15,1094,DBSS
8015,3,1,3452,DBSS
8015,3,3,1922,DBSS
8015,3,4,1761,DBSS
8015,3,5,1687,DBSS
8015,3,6,1279,DBSS
8015,3,7,1278,DBSS
8015,3,8,724,DBSS
8015,3,9,1803,DBSS
8015,3,10,938,DBSS
8015,3,11,1240,DBSS
8015,3,13,1749,DBSS
8015,3,14,1489,DBSS
8015,4,1,2145,DBSS
8015,4,2,1595,DBSS
8015,4,3,1556,DBSS
8015,4,4,2356,DBSS
8015,4,5,1960,DBSS
8015,4,6,2580,DBSS
8015,4,7,1372,DBSS
8015,4,8,1345,DBSS
8015,4,9,914,DBSS
8015,4,10,1275,DBSS
8015,4,11,1590,DBSS
8015,4,12,1430,DBSS
8015,4,13,1122,DBSS
8015,4,14,2420,DBSS
8015,4,15,1366,DBSS
8015,4,16,1995,DBSS
8015,5,1,2255,DBSS
8015,5,2,813,DBSS
8015,5,3,3003,DBSS
8015,5,4,2004,DBSS
8015,5,5,2005,DBSS
8015,5,6,1215,DBSS
8015,5,7,1021,DBSS
8015,6,1,1379,DBSS
8015,6,2,1670,DBSS
8015,6,3,1103,DBSS
8015,6,4,1190,DBSS
8015,6,5,1312,DBSS
8015,6,6,969,DBSS
8015,7,1,1939,DBSS
8015,7,2,2291,DBSS
8015,7,3,1564,DBSS
8015,7,4,1152,DBSS
8015,7,5,917,DBSS
8015,7,6,1081,DBSS
8015,7,7,1242,DBSS
8015,7,8,1697,DBSS
8015,7,9,1692,DBSS
8015,7,10,950,DBSS
8015,7,11,2164,DBSS
8015,7,13,2454,DBSS
8015,7,14,1735,DBSS
8015,7,15,1094,DBSS
8015,7,17,3427,DBSS
8015,7,18,1437,DBSS
8015,7,20,1418,DBSS
8015,7,21,942,DBSS
8015,7,22,752,DBSS
8015,7,23,2064,DBSS
8015,7,24,1872,DBSS
8015,7,28,2107,DBSS
8015,7,29,1965,DBSS
8015,7,30,1921,DBSS
8015,7,31,1233,DBSS
8015,8,1,2858,DBSS
8015,8,2,2506,DBSS
8015,8,3,2088,DBSS
8015,8,4,757,DBSS
8015,8,5,960,DBSS
8015,8,6,1576,DBSS
8015,8,7,1378,DBSS
8015,8,8,1934,DBSS
8015,8,9,1242,DBSS
8015,8,11,837,DBSS
8015,8,12,2546,DBSS
8015,8,13,940,DBSS
8015,9,1,2272,DBSS
8015,9,2,1934,DBSS
8015,9,3,1084,DBSS
8015,9,4,2052,DBSS
8015,9,5,1144,DBSS
8015,9,6,1790,DBSS
8015,9,8,1463,DBSS
8015,9,9,1041,DBSS
8015,9,10,1172,DBSS
8015,9,11,1012,DBSS
8015,9,12,1596,DBSS
8015,9,13,789,DBSS
8015,9,14,1511,DBSS
8015,9,15,1866,DBSS
8015,9,16,1650,DBSS
8015,9,17,1952,DBSS
8015,9,18,1760,DBSS
8015,9,19,1248,DBSS
8015,9,20,633,DBSS
8015,9,21,1648,DBSS
8015,9,22,1380,DBSS
8015,9,23,1659,DBSS
8015,9,24,1948,DBSS
8015,9,25,1311,DBSS
8015,9,26,1233,DBSS
8015,9,27,961,DBSS
8015,9,28,2157,DBSS
8015,9,30,2068,DBSS
8015,9,31,932,DBSS
8015,9,32,1091,DBSS
8015,9,33,1513,DBSS
8015,9,34,1729,DBSS
8015,9,35,1583,DBSS
8015,9,36,1229,DBSS
8015,9,37,1735,DBSS
8015,9,38,1828,DBSS
8015,9,42,1504,DBSS
8015,9,43,1618,DBSS
8015,9,44,1020,DBSS
8015,9,45,1583,DBSS
8015,9,47,1103,DBSS
8015,9,49,1710,DBSS
8015,9,52,848,DBSS
8015,9,53,1179,DBSS
8015,9,54,1139,DBSS
8015,9,57,1301,DBSS
8015,9,58,1351,DBSS
8015,9,59,1144,DBSS
8016,1,1,2145
8017,1,1,2843
8017,1,2,1057
8018,1,1,1548
8018,1,2,1311
8018,1,3,419
8019,1,1,1273,DPDL
8019,1,2,1431,DPDL
8019,1,3,3544,DPDL
8019,1,4,2890,DPDL
8019,1,5,2360,DPDL
8019,1,6,1556,DPDL
8019,1,7,1969,DPDL
8019,1,8,3293,DPDL
8019,1,9,2196,DPDL
8019,1,10,2429,DPDL
8019,1,11,3242,DPDL
8019,1,12,1900,DPDL
8019,1,13,1442,DPDL
8019,1,14,2105,DPDL
8019,1,15,2280,DPDL
8019,1,16,2110,DPDL
8019,1,17,2544,DPDL
8019,1,18,1513,DPDL
8019,1,19,2895,DPDL
8019,1,20,2163,DPDL
8019,1,21,2093,DPDL
8019,1,22,1527,DPDL
8019,1,23,2014,DPDL
8019,1,25,1319,DPDL
8019,1,26,8269,DPDL
8019,1,27,1484,DPDL
8019,1,28,1867,DPDL
8019,1,29,1392,DPDL
8019,1,30,2409,DPDL
8019,1,31,1546,DPDL
8019,1,32,1790,DBSS
8019,1,33,1098,DBSS
8019,1,34,932,DBSS
8019,1,35,1215,DBSS
8019,1,36,1166,DBSS
8019,1,37,1355,DBSS
8019,1,38,1465,DBSS
8019,1,39,1321,DBSS
8019,1,40,1044,DBSS
8019,1,41,1529,DBSS
8019,1,42,1728,DBSS
8019,1,43,1560,DBSS
8019,1,44,1368,DBSS
8019,1,45,1932,DBSS
8019,1,46,1708,DBSS
8019,1,47,1717,DBSS
8019,1,48,2042,DBSS
8019,1,49,1454,DBSS
8019,1,50,1494,DBSS
8019,1,51,1819,DBSS
8019,1,52,2702,DBSS
8019,1,53,1808,DBSS
8019,1,54,1236,DBSS
8019,1,55,1291,DBSS
8019,2,1,1259,DBSS
8019,2,2,1890,DBSS
8019,2,3,1100,DBSS
8019,2,4,1521,DBSS
8019,2,5,2047,DBSS
8019,2,6,1650,DBSS
8019,2,7,1228,DBSS
8019,2,8,1870,DBSS
8019,2,9,1804,DBSS
8019,2,10,1218,DBSS
8019,2,11,1110,DBSS
8019,2,12,1538,DBSS
8019,2,13,1147,DBSS
8019,2,14,1352,DBSS
8019,2,15,1532,DBSS
8019,2,16,1841,DBSS
8019,2,17,1913,DBSS
8019,2,18,1798,DBSS
8019,2,19,1974,DBSS
8019,2,20,1470,DBSS
8019,2,21,1483,DBSS
8019,2,22,1326,DBSS
8019,2,23,1034,DBSS
8019,2,24,1133,DBSS
8019,2,25,1145,DBSS
8019,2,26,2147,DBSS
8019,2,27,2055,DBSS
8019,2,28,2049,DBSS
8019,2,29,1254,DBSS
8019,2,30,1333,DBSS
8019,2,31,1024,DBSS
8019,2,32,1116,DBSS
8019,2,33,1203,DBSS
8019,2,34,1165,DBSS
8019,2,35,1268,DBSS
8019,2,36,1175,DBSS
8019,2,37,1193,DBSS
8019,2,38,1541,DBSS
8019,2,39,1686,DBSS
8019,2,40,1672,DBSS
8019,2,41,1665,DBSS
8019,2,42,1555,DBSS
8019,2,43,1497,DBSS
8019,2,44,1288,DBSS
8019,2,45,1139,DBSS
8019,2,46,1928,DBSS
8019,2,47,1937,DBSS
8019,2,48,1273,DBSS
8019,2,49,2059,DBSS
8019,2,50,1623,DBSS
8019,2,51,1897,DBSS
8019,2,52,1773,DBSS
8019,2,53,1837,DBSS
8019,2,54,1846,DBSS
8019,2,55,1817,DBSS
8019,2,56,1454,DBSS
8019,2,57,1247,DBSS
8019,2,58,1359,DBSS
8019,2,59,1639,DBSS
8019,2,60,1695,DBSS
8019,2,61,1337,DBSS
8019,2,62,1506,DBSS
8019,2,63,1194,DBSS
8019,2,64,1302,DBSS
8019,2,65,1845,DBSS
8019,2,66,1717,DBSS
8019,2,67,1634,DBSS
8019,2,68,1596,DBSS
8019,2,69,1342,DBSS
8019,2,70,1260,DBSS
8019,2,71,1672,DBSS
8019,2,72,1191,DBSS
8019,2,73,3193,DBSS
8019,2,74,1209,DBSS
8019,2,75,1258,DBSS
8019,2,76,1569,DBSS
8019,2,77,1660,DBSS
8019,2,78,1318,DBSS
8019,2,79,1364,DBSS
8019,2,80,1545,DBSS
8019,2,81,2081,DBSS
8019,2,82,879,DBSS
8019,2,83,1792,DBSS
8019,2,84,2036,DBSS
8019,2,85,1391,DBSS
8019,2,86,1393,DBSS
8019,2,87,1450,DBSS
8019,2,88,1610,DBSS
8019,2,89,1754,DBSS
8019,2,90,1680,DBSS
8019,2,91,1997,DBSS
8019,2,92,2218,DBSS
8019,2,93,1642,DBSS
8019,2,94,1474,DBSS
8019,2,95,1515,DBSS
8019,2,96,1401,DBSS
8019,2,97,1051,DBSS
8019,2,98,1453,DBSS
8019,2,99,1558,DBSS
8019,2,100,1313,DBSS
8019,2,101,2183,DBSS
8019,2,102,1359,DBSS
8019,2,103,1612,DBSS
8019,2,104,1168,DBSS
8019,2,105,2072,DBSS
8019,2,106,1380,DBSS
8019,2,107,1623,DBSS
8019,2,108,1624,DBSS
8019,2,109,2033,DBSS
8019,2,110,1861,DBSS
8019,2,111,1813,DBSS
8019,2,112,1292,DBSS
8019,2,113,2178,DBSS
8019,2,114,1659,DBSS
8019,2,115,1335,DBSS
8019,2,116,978,DBSS
8019,2,117,1198,DBSS
8019,2,118,1468,DBSS
8019,2,119,1256,DBSS
8019,2,120,1141,DBSS
8019,2,121,1227,DBSS
8019,2,122,1033,DBSS
8019,2,123,1104,DBSS
8019,2,124,1069,DBSS
8019,2,125,1671,DBSS
8019,2,126,1457,DBSS
8019,2,127,1127,DBSS
8019,2,128,1308,DBSS
8019,2,129,1503,DBSS
8019,2,130,1097,DBSS
8019,2,131,1134,DBSS
8019,2,132,1052,DBSS
8019,2,133,828,DBSS
8019,2,134,1459,DBSS
8019,2,135,2107,DBSS
8019,2,136,886,DBSS
8019,2,137,1458,DBSS
8019,2,138,1947,DBSS
8019,2,139,1634,DBSS
8019,2,140,1868,DBSS
8019,2,141,1164,DBSS
8019,2,142,2010,DBSS
8019,2,143,1361,DBSS
8019,2,144,1507,DBSS
8019,2,145,1213,DBSS
8019,2,146,1177,DBSS
8019,2,147,2103,DBSS
8019,2,148,1584,DBSS
8019,2,149,1787,DBSS
8019,2,150,1514,DPDL
8019,2,151,1463,DPDL
8019,2,152,1237,DPDL
8019,2,153,1316,DPDL
8019,2,154,1060,DPDL
8019,2,155,1836,DPDL
8019,2,156,1268,DPDL
8019,2,157,1202,DPDL
8019,2,158,1583,DPDL
8019,2,159,1950,DPDL
8019,2,160,1963,DPDL
8019,2,161,1171,DPDL
8019,2,162,1381,DPDL
8019,2,163,1796,DPDL
8019,2,164,1428,DPDL
8019,2,165,1684,DPDL
8019,2,166,2082,DPDL
8019,2,167,2094,DPDL
8019,2,168,2253,DPDL
8019,2,169,1512,DPDL
8019,2,170,1532,DPDL
8019,2,171,1648,DPDL
8019,2,172,1569,DPDL
8019,2,173,1511,DPDL
8019,3,1,1670,DPDL
8019,3,2,1869,DPDL
8019,3,3,1673,DPDL
8019,3,4,1603,DPDL
8019,3,5,1188,DPDL
8019,3,6,1375,DPDL
8019,3,7,1681,DPDL
8019,3,8,1161,DPDL
8019,3,9,1218,DPDL
8019,3,10,1884,DPDL
8019,3,11,1749,DPDL
8019,3,12,2122,DPDL
8019,3,13,1773,DPDL
8019,3,14,1767,DPDL
8019,3,15,2945,DPDL
8019,3,16,1228,DPDL
8019,3,17,1659,DPDL
8019,3,18,1703,DPDL
8019,3,19,1523,DPDL
8019,3,20,1188,DPDL
8019,3,21,1065,DPDL
8019,3,22,1424,DPDL
8019,3,23,1891,DPDL
8019,3,24,2041,DPDL
8019,3,25,1350,DPDL
8019,3,26,1007,DPDL
8019,3,27,1750,DPDL
8019,3,28,2593,DPDL
8019,3,29,1284,DPDL
8019,3,30,1570,DPDL
8019,3,31,2399,DPDL
8019,3,32,1702,DPDL
8019,3,33,1468,DPDL
8019,3,34,1494,DPDL
8019,3,35,2242,DPDL
8019,3,36,2378,DPDL
8019,3,37,1019,DPDL
8019,3,38,957,DPDL
8019,3,39,2514,DPDL
8019,3,40,1454,DPDL
8019,3,41,1385,DPDL
8019,3,42,1366,DPDL
8019,3,43,1594,DPDL
8019,3,44,1847,DPDL
8019,3,45,1043,DPDL
8019,3,46,1395,DPDL
8019,3,47,1738,DPDL
8019,3,48,1315,DPDL
8019,3,49,1625,DPDL
8019,3,50,1610,DPDL
8019,3,51,1926,DPDL
8019,3,52,1296,DPDL
8019,3,53,2172,DPDL
8019,3,54,1621,DPDL
8019,3,55,1605,DPDL
8019,3,56,934,DPDL
8019,3,57,1453,DPDL
8019,3,58,1721,DPDL
8019,3,59,1195,DPDL
8019,3,60,1395,DPDL
8019,3,61,1116,DPDL
8019,3,62,1530,DPDL
8019,3,63,1923,DPDL
8019,3,64,1207,DPDL
8019,3,65,1339,DPDL
8019,3,66,2298,DPDL
8019,3,67,1757,DPDL
8019,3,68,1168,DPDL
8019,3,69,1190,DPDL
8019,3,70,1338,DPDL
8019,3,71,1330,DPDL
8019,3,72,1424,DPDL
8019,3,73,1568,DPDL
8019,3,74,1796,DPDL
8019,3,75,1725,DPDL
8019,3,76,1093,DPDL
8019,3,77,1328,DPDL
8019,3,78,1730,DPDL
8019,3,79,1796,DPDL
8019,3,80,1512,DPDL
8019,3,81,1948,DPDL
8019,3,82,1871,DPDL
8019,3,83,1376,DPDL
8019,3,84,1399,DPDL
8019,3,85,1342,DPDL
8019,3,86,1228,DPDL
8019,3,87,1434,DPDL
8019,3,88,1427,DPDL
8019,3,89,1247,DPDL
8019,3,90,994,DPDL
8019,3,91,1455,DPDL
8019,3,92,1203,DPDL
8019,3,93,1499,DPDL
8019,3,94,1217,DPDL
8019,3,95,1602,DPDL
8019,3,96,1571,DPDL
8019,3,97,1663,DPDL
8019,3,98,1436,DPDL
8019,3,99,970,DPDL
8019,3,100,1306,DPDL
8019,3,101,4094,DPDL
8019,3,102,1294,DPDL
8019,3,103,1145,DPDL
8019,3,104,1422,DPDL
8019,3,105,1172,DPDL
8019,3,106,1256,DPDL
8019,3,107,1639,DPDL
8019,3,108,1653,DPDL
8019,3,109,1516,DPDL
8019,3,110,1477,DPDL
8019,3,111,1287,DPDL
8019,3,112,1829,DPDL
8019,3,113,1585,DPDL
8019,3,114,1461,DPDL
8019,3,211,1533,DPDL
8019,3,212,2436,DPDL
8019,3,213,2395,DPDL
8019,4,1,1240,DPDL
8019,4,2,1899,DPDL
8019,4,3,1018,DPDL
8019,4,4,976,DPDL
8019,4,5,1217,DPDL
8019,4,6,1083,DPDL
8019,4,7,1053,DPDL
8019,4,8,993,DPDL
8019,4,9,1442,DPDL
8019,4,10,881,DPDL
8019,4,11,1709,DPDL
8019,4,12,1369,DPDL
8019,4,13,1202,DPDL
8019,4,14,814,DPDL
8019,4,15,1860,DPDL
8019,4,16,1095,DPDL
8019,4,17,1182,DPDL
8019,4,18,1488,DPDL
8019,4,19,1302,DPDL
8019,4,20,1475,DPDL
8019,4,21,1263,DPDL
8019,4,22,1587,DPDL
8019,4,23,1033,DPDL
8019,4,24,1030,DPDL
8019,4,25,1153,DPDL
8019,4,26,1197,DPDL
8019,4,27,1323,DPDL
8019,4,28,1301,DPDL
8019,4,29,1125,DPDL
8019,4,30,1828,DPDL
8019,4,31,1817,DPDL
8019,4,32,1512,DPDL
8019,4,33,1137,DPDL
8019,4,34,1462,DPDL
8019,4,35,1356,DPDL
8019,4,36,1718,DPDL
8019,4,37,2074,DPDL
8019,4,38,1252,DPDL
8019,4,39,1170,DPDL
8019,4,40,1581,DPDL
8019,4,41,1308,DPDL
8019,4,42,1728,DPDL
8019,4,43,1601,DPDL
8019,4,44,1554,DPDL
8019,4,45,1400,DPDL
8019,4,46,2395,DPDL
8019,4,47,1838,DPDL
8019,4,48,1476,DPDL
8019,4,49,1137,DPDL
8019,4,50,2007,DPDL
8019,4,51,1613,DPDL
8019,4,52,2160,DPDL
8019,4,53,1631,DPDL
8019,4,54,987,DPDL
8019,4,55,1475,DPDL
8019,4,56,1708,DPDL
8019,4,84,1342,DPDL
8019,5,1,1765,D???
8019,5,2,1563,D???
8019,5,3,1369,D???
8019,5,4,1087,DPDL
8019,5,5,1199,DPDL
8019,5,6,1736,DPDL
8019,5,7,1813,DPDL
8019,5,8,1659,DPDL
8019,5,9,1684,DPDL
8019,5,10,1507,DPDL
8019,5,11,1397,DPDL
8019,5,12,1336,DPDL
8019,5,13,1654,DPDL
8019,5,14,1566,DPDL
8019,5,15,1514,DPDL
8019,5,16,1828,DPDL
8019,5,17,1538,DPDL
8019,5,18,1231,DPDL
8019,5,19,1656,DPDL
8019,5,20,1148,DBSS
8019,5,21,1257,DBSS
8019,5,22,1732,DBSS
8019,5,23,1453,DBSS
8019,5,24,1901,DBSS
8019,5,25,1300,DBSS
8019,5,26,1397,DBSS
8019,5,27,1398,DBSS
8019,5,28,1630,DBSS
8019,5,29,1621,DBSS
8019,5,30,1391,DBSS
8019,5,31,1602,DBSS
8019,5,32,1789,DBSS
8019,5,33,1403,DBSS
8019,5,34,1284,DBSS
8019,5,35,1035,DBSS
8019,5,36,1694,DBSS
8019,5,37,1439,DBSS
8019,5,38,1326,DBSS
8019,5,39,1533,DBSS
8019,5,40,1421,DBSS
8019,5,41,1897,DBSS
8019,5,42,1275,DBSS
8019,5,43,1450,DBSS
8019,5,44,1309,DBSS
8019,5,45,1607,DBSS
8019,5,46,1133,DBSS
8019,5,47,1227,DBSS
8019,5,48,1235,DBSS
8019,5,49,1653,DBSS
8019,5,50,1602,DBSS
8019,5,51,1594,DBSS
8019,5,52,1421,DBSS
8019,5,53,1486,DBSS
8019,5,54,1040,DBSS
8019,5,55,1391,DBSS
8019,5,56,1182,DBSS
8019,5,57,1639,DBSS
8019,5,58,1524,DBSS
8019,5,59,1526,DBSS
8019,5,60,1144,DBSS
8019,5,61,1435,DBSS
8019,5,62,1619,DBSS
8019,5,63,1538,DBSS
8019,5,64,1585,DBSS
8019,5,65,1635,DBSS
8019,5,66,1322,DBSS
8019,5,67,1229,DBSS
8019,5,68,1520,DBSS
8019,5,69,1732,DBSS
8019,5,70,1415,DBSS
8019,5,71,1614,DBSS
8019,5,72,1703,DBSS
8019,5,73,1591,DBSS
8019,5,74,1654,DBSS
8019,5,75,1833,DBSS
8019,5,76,1404,DBSS
8019,5,77,1436,DBSS
8019,5,78,2088,DBSS
8019,5,79,1261,DBSS
8019,5,80,1360,DBSS
8019,5,81,1576,DBSS
8019,5,82,1610,DBSS
8019,5,83,1264,DBSS
8019,5,84,1327,DBSS
8019,5,85,1309,DBSS
8019,5,86,1332,DBSS
8019,5,87,1584,DBSS
8019,5,88,1733,DBSS
8019,5,89,1767,DBSS
8019,5,90,1877,DBSS
8019,5,91,1548,DBSS
8019,5,92,1606,DBSS
8019,5,93,1094,DBSS
8019,5,94,2699,DBSS
8019,5,95,1654,DBSS
8019,5,96,1135,DBSS
8019,5,97,1613,DBSS
8019,5,98,1541,DBSS
8019,6,1,1165,DBSS
8019,6,2,1516,DBSS
8019,6,3,2262,DBSS
8019,6,4,1428,DBSS
8019,6,6,1024,DBSS
8019,6,7,1947,DBSS
8019,6,8,1993,DBSS
8019,6,9,1278,DBSS
8019,6,10,1069,DBSS
8019,6,11,1304,DBSS
8019,6,12,1156,DBSS
8019,6,13,1783,DBSS
8019,6,14,1439,DBSS
8019,6,15,1422,DBSS
8019,6,16,1616,DBSS
8019,6,17,1330,DBSS
8019,6,18,1324,DBSS
8019,6,19,1472,DBSS
8019,6,20,1159,DBSS
8019,6,21,1358,DBSS
8019,6,22,1340,DBSS
8019,6,23,1298,DBSS
8019,6,24,1716,DBSS
8019,6,25,1396,DBSS
8019,6,26,1017,DBSS
8019,6,27,1202,DBSS
8019,6,28,1312,DBSS
8019,6,29,1266,DBSS
8019,6,30,1337,DBSS
8019,6,31,1087,DBSS
8019,6,32,1156,DBSS
8019,6,33,1269,DBSS
8019,6,34,1196,DBSS
8019,6,35,1058,DBSS
8019,6,36,1446,DBSS
8019,6,37,1124,DBSS
8019,6,38,1461,DBSS
8019,6,39,1541,DBSS
8019,6,40,1639,DBSS
8019,6,41,1707,DBSS
8019,6,42,1662,DBSS
8019,6,43,1237,DBSS
8019,6,44,1535,DBSS
8019,6,45,1264,DBSS
8019,6,46,1124,DBSS
8019,6,47,1196,DBSS
8019,6,48,1359,DBSS
8019,6,49,1128,DBSS
8019,6,50,1304,DBSS
8019,6,51,1208,DBSS
8019,6,52,1464,DBSS
8019,6,53,1475,DBSS
8019,6,54,1596,DBSS
8019,6,55,1416,DBSS
8019,6,56,1538,DBSS
8019,6,57,1512,DBSS
8019,6,58,1691,DBSS
8019,6,59,1481,DBSS
8019,6,60,1754,DBSS
8019,6,61,1293,DBSS
8019,6,62,1194,DBSS
8019,6,63,1462,DBSS
8019,6,64,1895,DBSS
8019,6,65,1147,DBSS
8019,6,66,970,DBSS
8019,6,67,1745,DBSS
8019,6,68,1536,DBSS
8019,6,69,1068,DBSS
8019,6,70,1817,DBSS
8019,6,71,1082,DBSS
8019,6,72,1637,DBSS
8019,6,73,1364,DBSS
8019,6,74,1125,DBSS
8019,6,75,1067,DBSS
8019,6,76,1288,DBSS
8019,6,77,1174,DBSS
8019,6,78,1285,DBSS
8019,6,79,1106,DBSS
8019,6,80,1168,DBSS
8019,6,81,1313,DBSS
8019,6,82,2653,DBSS
8019,6,83,1720,DBSS
8019,6,84,1464,DBSS
8019,6,85,1254,DBSS
8019,6,86,978,DBSS
8019,6,87,1854,DBSS
8019,6,88,1222,DBSS
8019,7,1,1567,DBSS
8019,7,2,1144,DBSS
8019,7,3,1292,DBSS
8019,7,4,1498,DBSS
8019,7,5,1421,DBSS
8019,7,6,958,DBSS
8019,7,7,1381,DBSS
8019,7,8,1414,DBSS
8019,7,9,1171,DBSS
8019,7,10,1360,DBSS
8019,7,11,1120,DBSS
8019,7,12,1540,DBSS
8019,7,13,1202,DBSS
8019,7,14,871,DBSS
8019,7,15,1425,DBSS
8019,7,16,1354,DBSS
8019,7,17,1714,DBSS
8019,7,18,1687,DBSS
8019,7,19,1482,DBSS
8019,7,20,1726,DBSS
8019,7,21,1045,DBSS
8019,7,22,1154,DBSS
8019,7,23,1295,DBSS
8019,7,24,1476,DBSS
8019,7,25,1442,DBSS
8019,7,26,1095,DBSS
8019,7,27,2083,DBSS
8019,7,28,1451,DBSS
8019,7,29,1280,DBSS
8019,7,30,1388,DBSS
8019,7,31,1591,DBSS
8019,7,32,1424,DBSS
8019,7,33,1430,DBSS
8019,7,34,1822,DBSS
8019,7,35,1764,DBSS
8019,7,36,1390,DBSS
8019,7,37,1465,DBSS
8019,7,38,1236,DBSS
8019,7,39,1607,DBSS
8019,7,40,1464,DBSS
8019,7,41,1352,DBSS
8019,7,42,1500,DBSS
8019,7,43,1407,DBSS
8019,7,44,1313,DBSS
8019,7,45,1594,DBSS
8019,7,46,1386,DBSS
8019,7,47,1473,DBSS
8019,7,48,1319,DBSS
8019,7,49,1222,DBSS
8019,7,50,1209,DBSS
8019,7,51,1769,DBSS
8019,7,52,1252,DBSS
8019,7,53,1451,DBSS
8019,7,54,1587,DBSS
8019,7,55,1187,DBSS
8019,7,56,1191,DBSS
8019,7,57,1438,DBSS
8019,7,58,1352,DBSS
8019,7,59,1323,DBSS
8019,7,60,1847,DBSS
8019,7,61,1205,DBSS
8019,7,62,1358,DBSS
8019,7,63,1448,DBSS
8019,7,64,1699,DBSS
8019,7,65,1764,DBSS
8019,7,66,1794,DBSS
8019,7,67,1563,DBSS
8019,7,68,1324,DBSS
8019,7,69,1452,DBSS
8019,7,70,1460,DBSS
8019,7,71,1347,DBSS
8019,7,72,1398,DBSS
8019,7,73,1137,DBSS
8019,7,74,1705,DBSS
8019,7,75,1218,DBSS
8019,7,76,1394,DBSS
8019,7,77,1351,DBSS
8019,7,78,1392,DBSS
8019,7,79,1461,DBSS
8019,7,80,1804,DBSS
8019,7,81,1974,DBSS
8019,7,82,1266,DBSS
8019,7,83,1368,DBSS
8019,7,84,1351,DBSS
8019,7,85,1247,DBSS
8019,7,86,1437,DBSS
8019,7,87,1588,DBSS
8019,7,88,1695,DBSS
8019,7,89,1344,DBSS
8019,7,90,1463,DBSS
8019,7,91,1199,DBSS
8019,7,92,1536,DBSS
8019,7,93,1707,DBSS
8019,7,94,1244,DBSS
8019,7,95,1546,DBSS
8019,7,96,1427,DBSS
8019,7,97,854,DBSS
8019,7,98,2175,DBSS
8019,7,99,1033,DBSS
8019,7,100,1197,DBSS
8019,7,101,1477,DBSS
8019,7,102,689,DBSS
8019,7,103,1490,DBSS
8019,7,104,1551,DBSS
8019,7,105,1032,DBSS
8019,7,106,1171,DBSS
8019,7,107,1173,DBSS
8019,7,108,1231,DBSS
8019,7,109,1633,DBSS
8019,7,110,1025,DBSS
8019,7,111,886,DBSS
8019,7,112,1293,DBSS
8019,7,113,1188,DBSS
8019,7,114,1182,DBSS
8019,7,115,1058,DBSS
8019,7,116,1505,DBSS
8019,7,117,2662,DBSS
8019,7,118,1231,DBSS
8019,7,119,1283,DBSS
8019,7,120,1249,DBSS
8019,7,121,1145,DBSS
8019,7,122,1301,DBSS
8019,7,123,1418,DBSS
8019,8,1,1250,DBSS
8019,8,2,1243,DBSS
8019,8,3,1188,DBSS
8019,8,4,1403,DBSS
8019,8,5,1147,DBSS
8019,8,6,1605,DBSS
8019,8,7,1186,DBSS
8019,8,8,1615,DBSS
8019,8,9,1770,DBSS
8019,8,10,1074,DBSS
8019,8,11,1172,DBSS
8019,8,12,1313,DBSS
8019,8,13,1158,DBSS
8019,8,14,1287,DBSS
8019,8,15,1447,DBSS
8019,8,16,1125,DBSS
8019,8,17,1377,DBSS
8019,8,18,1503,DBSS
8019,8,19,1811,DBSS
8019,8,20,1377,DBSS
8019,8,21,1455,DBSS
8019,8,22,1242,DBSS
8019,8,23,1377,DBSS
8019,8,24,1354,DBSS
8019,8,25,1178,DBSS
8019,8,26,1374,DBSS
8019,8,27,1397,DBSS
8019,8,28,1077,DBSS
8019,8,29,1495,DBSS
8019,8,30,1491,DBSS
8019,8,31,1288,DBSS
8019,8,32,1276,DBSS
8019,8,33,1473,DBSS
8019,8,34,1236,DBSS
8019,8,35,4260,DBSS
8019,8,36,1520,DBSS
8019,8,37,1548,DBSS
8019,8,38,1552,DBSS
8019,8,39,1557,DBSS
8019,8,40,1883,DBSS
8019,8,41,2602,DBSS
8019,8,42,1233,DBSS
8019,8,43,1136,DBSS
8019,8,44,1287,DBSS
8019,8,45,1762,DBSS
8019,8,46,1405,DBSS
8019,8,47,1608,DBSS
8019,8,48,974,DBSS
8019,8,49,1230,DBSS
8019,8,50,1379,DBSS
8019,8,51,1340,DBSS
8019,8,52,899,DBSS
8019,8,53,1138,DBSS
8019,8,54,1664,DBSS
8019,8,55,1813,DBSS
8019,8,56,1478,DBSS
8019,8,57,1324,DBSS
8019,8,58,1614,DBSS
8019,8,59,989,DBSS
8019,8,60,1175,DBSS
8019,8,61,1636,DBSS
8019,8,62,1141,DBSS
8019,8,63,1068,DBSS
8019,8,64,1777,DBSS
8019,8,65,1774,DBSS
8019,8,66,1635,DBSS
8019,8,67,1777,DBSS
8019,8,68,1930,DBSS
8019,8,69,1558,DBSS
8019,8,70,1465,DBSS
8019,8,71,1742,DBSS
8019,8,72,1200,DBSS
8019,8,73,1743,DBSS
8019,8,74,1549,DBSS
8019,8,75,1901,DBSS
8019,8,76,1599,DBSS
8019,8,77,1440,DBSS
8019,8,78,1545,DBSS
8019,8,79,1436,DBSS
8019,8,80,1542,DBSS
8019,8,81,1670,DBSS
8019,8,82,1594,DBSS
8019,8,83,1307,DBSS
8019,8,84,1136,DBSS
8019,8,85,1458,DBSS
8019,8,86,1700,DBSS
8019,8,87,1250,DBSS
8019,8,88,1274,DBSS
8019,8,89,1227,DBSS
8019,8,90,1202,DBSS
8019,8,91,1200,DBSS
8019,8,92,993,DBSS
8019,8,93,1269,DBSS
8019,8,94,1452,DBSS
8019,8,95,1065,DBSS
8019,8,96,1537,DBSS
8019,8,97,1348,DBSS
8019,8,98,1259,DBSS
8019,8,99,1441,DBSS
8019,8,100,1286,DBSS
8019,8,101,1736,DBSS
8019,8,102,1529,DBSS
8019,8,103,1653,DBSS
8019,8,104,1237,DBSS
8019,8,105,1457,DBSS
8019,8,106,1232,DBSS
8019,8,107,1928,DBSS
8019,8,108,1914,DBSS
8019,8,109,976,DBSS
8019,8,110,2031,DBSS
8019,8,111,1697,DBSS
8019,8,112,1735,DBSS
8019,8,113,1781,DBSS
8019,8,114,2024,DBSS
8019,8,115,1758,DBSS
8019,8,116,1384,DBSS
8019,8,215,1551,DBSS
8019,9,1,2739,DBSS
8019,9,2,2123,DBSS
8019,9,3,2165,DBSS
8019,9,4,1700,DBSS
8019,9,5,1637,DBSS
8019,9,6,1274,DBSS
8019,9,7,1371,DBSS
8019,9,8,1859,DBSS
8019,9,9,1438,DBSS
8019,9,10,1830,DBSS
8019,9,11,1681,DBSS
8019,9,13,2020,DBSS
8019,9,14,2940,DBSS
8019,9,15,1814,DBSS
8019,9,16,1334,DBSS
8019,9,17,1514,DBSS
8019,9,18,1487,DBSS
8019,9,19,2701,DBSS
8019,9,20,1144,DBSS
8019,9,21,1373,DBSS
8019,9,22,1273,DBSS
8019,9,23,1234,DBSS
8019,9,24,1177,DBSS
8019,9,25,1193,DBSS
8019,9,26,1525,DBSS
8019,9,27,1301,DBSS
8019,9,28,1599,DBSS
8019,9,29,1109,DBSS
8019,9,30,1449,DBSS
8019,9,31,1186,DBSS
8019,9,32,2202,DBSS
8019,9,33,3193,DBSS
8019,9,34,1410,DBSS
8019,9,35,1587,DBSS
8019,9,36,1397,DBSS
8019,9,37,1552,DBSS
8019,9,38,1754,DBSS
8019,9,39,1526,DBSS
8019,9,40,1583,DBSS
8019,9,41,1365,DBSS
8019,9,42,1259,DBSS
8019,9,43,1328,DBSS
8019,9,44,1484,DBSS
8019,9,45,1420,DBSS
8019,9,46,1316,DBSS
8019,9,47,1607,DBSS
8019,9,48,1378,DBSS
8019,9,49,1316,DBSS
8019,9,50,1523,DBSS
8019,9,51,1247,DBSS
8019,9,52,1208,DBSS
8019,9,53,1601,DBSS
8019,9,54,1099,DBSS
8019,9,55,1729,DBSS
8019,9,56,1149,DBSS
8019,9,57,1634,DBSS
8019,9,58,1511,DBSS
8019,9,59,1385,DBSS
8019,9,60,1337,DBSS
8019,9,61,1632,DBSS
8019,9,62,1349,DBSS
8019,9,63,1165,DBSS
8019,9,64,1160,DBSS
8019,9,65,2072,DBSS
8019,9,66,1437,DBSS
8019,9,67,1522,DBSS
8019,9,68,1543,DBSS
8019,9,69,910,DBSS
8019,9,70,1718,DBSS
8019,9,71,1906,DBSS
8019,9,72,1437,DBSS
8019,9,73,1504,DBSS
8019,9,74,1671,DBSS
8019,9,75,1550,DBSS
8019,9,76,1453,DBSS
8019,9,77,1624,DBSS
8019,9,78,1434,DBSS
8019,9,79,1622,DBSS
8019,9,80,1333,DBSS
8019,9,81,1729,DBSS
8019,9,82,2004,DBSS
8019,9,83,1579,DBSS
8019,9,84,1744,DBSS
8019,9,85,1785,DBSS
8019,9,86,1437,DBSS
8019,9,87,1289,DBSS
8019,9,88,1896,DBSS
8019,9,89,1514,DBSS
8019,9,90,1594,DBSS
8019,9,91,1892,DBSS
8019,9,92,1916,DBSS
8019,9,93,1286,DBSS
8019,9,94,2033,DBSS
8019,9,95,2126,DBSS
8019,9,156,1251,DBSS
8019,10,1,1593,DBSS
8019,10,2,1748,DBSS
8019,10,3,1554,DBSS
8019,10,4,1568,DBSS
8019,10,5,1656,DBSS
8019,10,6,1840,DBSS
8019,10,7,1306,DBSS
8019,10,8,1736,DBSS
8019,10,9,1597,DBSS
8019,10,10,1723,DBSS
8019,10,11,1184,DBSS
8019,10,12,1801,DBSS
8019,10,13,1388,DBSS
8019,10,14,1498,DBSS
8019,10,15,1906,DBSS
8019,10,16,1213,DBSS
8019,10,17,1668,DBSS
8019,10,18,1442,DBSS
8019,10,19,1559,DBSS
8019,10,20,1475,DBSS
8019,10,21,1357,DBSS
8019,10,22,1345,DBSS
8019,10,23,1412,DBSS
8019,10,24,1445,DBSS
8019,10,25,1346,DBSS
8019,10,26,1512,DBSS
8019,10,27,1475,DBSS
8019,10,28,1795,DBSS
8019,10,29,1410,DBSS
8019,10,30,1746,DBSS
8019,10,31,1527,DBSS
8019,10,32,1373,DBSS
8019,10,33,854,DBSS
8019,10,34,1708,DBSS
8019,10,35,1974,DBSS
8019,10,36,1418,DBSS
8019,10,37,1026,DBSS
8019,10,38,1583,DBSS
8019,10,39,1841,DBSS
8019,10,40,1805,DBSS
8019,10,41,1647,DBSS
8019,10,42,3035,DBSS
8019,10,43,2305,DBSS
8019,10,44,1522,DBSS
8019,10,45,1298,DBSS
8019,10,46,1198,DBSS
8019,10,47,1735,DBSS
8019,10,48,1645,DBSS
8019,10,49,1311,DBSS
8019,10,50,1554,DBSS
8019,10,51,1602,DBSS
8019,10,52,2401,DBSS
8019,10,53,1715,DBSS
8019,10,54,940,DBSS
8019,10,55,2582,DBSS
8019,10,56,1879,DBSS
8019,10,57,1429,DBSS
8019,10,58,1127,DBSS
8019,10,59,1743,DBSS
8019,10,60,1652,DBSS
8019,10,61,1731,DBSS
8019,10,62,1521,DBSS
8019,10,63,1163,DBSS
8019,10,64,1680,DBSS
8019,10,65,1560,DBSS
8019,10,66,2074,DBSS
8019,10,67,1873,DBSS
8019,10,68,1663,DBSS
8019,10,69,2736,DBSS
8019,10,70,1648,DBSS
8019,10,71,1835,DBSS
8019,10,72,1992,DBSS
8019,10,73,1470,DBSS
8019,10,74,1644,DBSS
8019,10,75,1556,DBSS
8019,10,76,2233,DBSS
8019,10,77,1853,DBSS
8019,10,78,2410,DBSS
8019,10,79,1734,DBSS
8019,10,80,2160,DBSS
8019,10,81,2105,DBSS
8019,10,82,1925,DBSS
8019,10,83,2248,DBSS
8019,10,84,1637,DBSS
8019,10,85,2093,DBSS
8019,10,86,1970,DBSS
8019,10,87,1867,DBSS
8019,10,88,1659,DBSS
8019,10,89,4190,DBSS
8019,10,90,1487,DBSS
8019,10,91,1976,DBSS
8019,10,92,1453,DBSS
8019,10,93,1047,DBSS
8019,10,94,2998,DBSS
8019,10,95,1276,DBSS
8019,10,96,1609,DBSS
8019,10,97,1574,DBSS
8019,10,98,1767,DBSS
8019,10,99,1151,DBSS
8019,10,100,1677,DBSS
8019,10,101,1647,DBSS
8019,10,102,2576,DBSS
8019,10,103,2167,DBSS
8019,10,104,1584,DBSS
8019,10,105,2189,DBSS
8019,10,106,1010,DBSS
8019,10,107,1528,DBSS
8019,10,108,1303,DBSS
8019,10,109,1661,DBSS
8019,10,110,1700,DBSS
8019,10,111,1299,DBSS
8019,10,112,1528,DBSS
8019,10,113,1176,DBSS
8019,10,114,1479,DBSS
8019,10,115,1396,DBSS
8019,10,116,1844,DBSS
8019,10,117,1263,DBSS
8019,10,118,989,DBSS
8019,10,119,1147,DBSS
8019,10,120,1452,DBSS
8019,10,121,1581,DBSS
8019,10,122,1487,DBSS
8019,10,123,1341,DBSS
8019,10,124,1101,DBSS
8019,10,125,1088,DBSS
8019,10,126,1001,DBSS
8019,10,127,1013,DBSS
8019,10,128,1581,DBSS
8019,10,129,1150,DBSS
8019,10,130,1190,DBSS
8019,10,131,1111,DBSS
8019,10,132,1248,DBSS
8019,10,133,1700,DBSS
8019,10,134,1550,DBSS
8019,10,135,1222,DBSS
8019,10,136,1350,DBSS
8019,10,137,1570,DBSS
8019,10,138,1594,DBSS
8019,10,139,1694,DBSS
8019,10,140,1651,DBSS
8019,10,141,1113,DBSS
8019,10,142,1604,DBSS
8019,10,143,1713,DBSS
8019,10,234,1826,DBSS
8019,10,235,1321,DBSS
8019,10,236,1612,DBSS
8019,10,237,923,DBSS
8020,1,1,2483
8020,1,2,2104
8020,1,3,2769
8021,1,1,73
8022,1,1,1609,DBER
8022,1,2,1385,DBER
8022,1,3,864,DBER
8022,1,4,2069,DBER
8022,1,5,1882,DBER
8022,1,6,905,DBER
8022,2,1,1088,DBER
8022,2,2,969,DBER
8022,2,3,1531,DBER
8022,2,4,1885,DBER
8022,2,5,1180,DBER
8022,3,1,561,DBER
8022,4,1,754,DBER
8023,1,1,1926
8023,1,2,2127
8023,1,3,2373
8023,1,4,2166
8023,1,5,950
8024,1,1,455
8025,1,1,2177,DABR
8026,1,1,275
8027,1,1,1005,DVDP
8028,1,1,1521
8029,1,1,2522,DMAT
8029,1,2,2265,DMAT
8030,1,1,2313,DMAT
8030,1,2,2899,DMAT
8030,1,3,2355,DMAT
8031,1,1,810
8031,1,2,2787
8032,1,1,3097
8033,1,1,1639
8033,1,2,2613
8033,1,3,923
8033,2,1,2275
8033,3,1,1876
8033,3,2,1037
8033,3,3,2404
8033,3,4,1833
8033,3,5,2283
8033,3,6,914
8034,1,1,1063
8035,1,1,1880
8035,1,2,1234
8035,1,3,2876
8035,2,1,1074
8035,2,2,2438
8035,3,1,2642
8035,3,2,2621
8035,3,3,2035
8035,3,4,2436
8036,1,1,194
8037,1,1,2504,DVIC
8038,1,1,2098,DMAS
8039,1,1,540
8040,1,1,1662
8040,1,2,2010
8040,1,3,1331
8040,1,4,1815
8040,1,5,1309
8040,1,6,1397
8040,1,7,1140
8040,1,8,1253
8040,1,9,1376
8040,1,10,1517
8041,1,1,2305,DGRA
8041,1,2,2372,DGRA
8041,1,3,2529,DGRA
8041,1,4,2142,DGRA
8041,1,5,1893,DGRA
8041,1,6,1817,DGRA
8041,1,7,1796,DGRA
8041,1,8,2018,DGRA
8042,1,1,1659
8042,1,2,1560
8043,1,1,2700
8043,1,2,2186
8044,1,1,2382
8044,2,1,1266
8044,2,2,1666
8045,1,1,84
8046,1,1,1552
8046,1,2,1964
8046,1,3,1694
8046,2,1,2470
8046,2,2,2059
8046,2,3,1793
8046,2,4,1818
8046,2,5,1421
8046,3,1,1760
8046,3,2,2078
8047,1,1,1057
8047,1,2,1504
8047,1,3,939
8047,2,1,1093
8048,1,1,768
8049,1,1,1636
8050,1,1,171
8051,1,1,1216
8051,1,2,1448
8051,1,3,1868
8051,1,4,2058
8051,1,5,1725
8051,1,6,1789
8051,1,7,2473
8051,1,8,2147
8051,1,9,2407
8051,1,10,1415
8051,1,11,1229
8051,1,12,1088
8051,1,13,2110
8051,1,14,1686
8052,1,1,167
8053,1,1,1898
8053,1,2,1955
8054,1,1,2570,DSFL
8054,1,2,1123,DSFL
8054,1,3,2117,DSFL
8054,1,4,2342,DSFL
8054,1,5,2388,DSFL
8054,1,6,2070,DSFL
8055,1,1,753
8056,1,1,1991,DGVC
8056,1,2,2031,DGVC
8056,1,3,1789,DGVC
8056,1,4,1692,DGVC
8056,1,5,1980,DGVC
8056,1,6,2008,DGVC
8056,1,7,1808,DGVC
8056,1,8,1445,DGVC
8056,1,9,1689,DGVC
8056,1,10,1413,DGVC
8056,2,1,1884,DGVC
8056,2,2,1643,DGVC
8056,2,3,1933,DGVC
8056,2,4,2150,DGVC
8056,2,5,1103,DGVC
8056,2,6,2121,DGVC
8056,2,7,1466,DGVC
8056,3,1,1821,DGVC
8056,3,2,1270,DGVC
8056,3,3,2332,DGVC
8056,3,4,1736,DGVC
8056,3,5,1949,DGVC
8056,3,6,1009,DGVC
8056,4,1,2384,DGVC
8056,4,2,1776,DGVC
8056,4,3,2360,DGVC
8056,4,4,2386,DGVC
8056,4,5,1521,DGVC
8056,4,6,1435,DGVC
8056,4,7,1628,DGVC
8056,5,1,1805,DGVC
8056,5,2,2437,DGVC
8056,5,3,1640,DGVC
8056,5,4,2310,DGVC
8056,5,5,2129,DGVC
8056,5,6,1357,DGVC
8056,5,7,1795,DGVC
8057,1,1,72
8058,1,1,2452
8059,1,1,448
8060,1,1,163
8061,1,1,2179
8062,1,1,1420
8063,1,1,653
8064,1,1,2632
8065,1,1,1597,DVDP
8066,1,1,1996,DSFL
8067,1,1,1702
8067,1,2,1421
8067,1,3,1931
8067,1,4,2541
8068,1,1,2552,DSFL
8068,1,2,2151,DSFL
8068,1,3,1138,DSFL
8068,1,4,2547,DSFL
8068,1,5,845,DSFL
8069,1,1,2620,DABR
8069,1,3,2035,DABR
8070,1,1,387
8071,1,1,322
8072,1,1,1353,DSFL
8072,1,2,2768,DSFL
8072,1,3,1768,DSFL
8072,1,4,903,DSFL
8072,1,5,1139,DSFL
8072,1,6,1350,DSFL
8072,1,7,1064,DSFL
8072,1,8,1178,DSFL
8072,1,9,790,DSFL
8072,1,10,1465,DSFL
8072,1,11,1239,DSFL
8073,1,1,2450,DPDL
8073,1,2,1691,DPDL
8073,1,3,1514,DPDL
8073,1,4,2122,DPDL
8073,1,5,1236,DPDL
8073,1,6,874,DPDL
8073,1,7,2042,DPDL
8073,1,8,1938,DPDL
8073,1,9,1052,DPDL
8073,1,10,1297,DPDL
8073,1,11,1116,DPDL
8073,1,12,1112,DPDL
8073,1,13,1339,DPDL
8073,1,14,1341,DPDL
8073,2,1,2153,DPDL
8073,2,2,2761,DPDL
8073,2,3,1577,DPDL
8073,3,1,1459,DPDL
8073,3,2,943,DPDL
8073,3,3,931,DPDL
8073,3,4,2303,DPDL
8073,3,5,1757,DPDL
8073,3,6,921,DPDL
8073,3,7,1419,DPDL
8073,3,8,1468,DPDL
8073,3,9,846,DPDL
8073,3,10,2030,DPDL
8073,4,1,1302,DPDL
8073,4,2,706,DPDL
8073,4,3,1423,DPDL
8073,4,4,1110,DPDL
8073,4,5,715,DPDL
8073,4,6,1256,DPDL
8073,4,7,1194,DPDL
8073,4,8,1629,DPDL
8073,4,9,937,DPDL
8073,4,10,1155,DPDL
8073,4,11,1096,DPDL
8073,4,12,1481,DPDL
8073,4,13,1772,DPDL
8073,4,14,1091,DPDL
8073,4,15,1059,DPDL
8073,4,16,1225,DPDL
8073,4,17,1144,DPDL
8073,4,18,870,DPDL
8073,4,19,956,DPDL
8073,5,1,850,DPDL
8073,5,2,2056,DPDL
8073,5,3,1096,DPDL
8073,5,5,941,DPDL
8073,5,6,1079,DPDL
8073,5,7,1402,DPDL
8073,5,8,1237,DPDL
8073,5,9,1001,DPDL
8073,5,10,1191,DPDL
8073,6,1,2723,DPDL
8073,6,4,1527,DPDL
8073,6,5,1551,DPDL
8073,6,7,992,DPDL
8073,6,8,1479,DPDL
8073,6,9,1933,DPDL
8073,6,10,1601,DPDL
8073,6,13,856,DPDL
8073,6,14,899,DPDL
8073,6,15,1073,DPDL
8074,1,1,1047
8074,1,2,1756
8074,1,3,1845
8074,1,4,2465
8074,1,5,2156
8074,1,6,2092
8074,1,7,1528
8074,1,8,1249
8074,1,9,918
8074,1,10,995
8075,1,1,1589,D???
8075,1,2,2837,DMAT
8075,1,3,1259,D???
8076,1,1,2760,DABR
8076,1,2,2070,DABR
8076,1,3,1844,DABR
8076,1,4,2665,DABR
8076,1,5,922,DABR
8076,1,6,1847,DABR
8076,2,1,2510,DABR
8076,2,2,1857,DABR
8076,2,3,1862,DABR
8076,2,4,1967,DABR
8076,2,5,2054,DABR
8077,1,1,2469,DPDL
8077,1,2,1317,DPDL
8077,1,3,1568,DPDL
8077,1,4,1432,DPDL
8077,1,5,1688,DPDL
8077,2,1,1410,DPDL
8077,2,2,1399,DPDL
8077,2,3,1712,DPDL
8077,2,4,1438,DPDL
8077,2,5,1671,DPDL
8077,2,6,1791,DPDL
8077,3,1,1542,DPDL
8077,3,2,2049,DPDL
8077,4,1,981,DPDL
8077,5,1,776,DPDL
8077,6,1,808,DPDL
8077,7,1,1168,DPDL
8077,8,1,1986,DPDL
8077,8,2,2177,DPDL
8077,9,1,1663,DPDL
8077,9,2,1837,DPDL
8077,10,1,1939,DPDL
8077,10,2,1375,DPDL
8077,10,3,2197,DPDL
8077,10,4,1555,DPDL
8077,10,5,1337,DPDL
8077,10,6,1712,DPDL
8077,10,7,1523,DPDL
8077,10,8,2257,DPDL
8078,1,1,258
8079,1,1,408
8080,1,1,46
8081,1,1,467
8082,1,1,1540
8083,1,1,2269
8084,1,1,1495,DMAS
8085,1,1,1440,D???
8086,1,1,2344,DGRA
8086,1,2,2495,DGRA
8086,1,3,2151,DGRA
8086,1,4,1522,DGRA
8086,1,5,2017,DGRA
8086,1,6,1950,DGRA
8086,1,7,1853,DGRA
8086,1,8,1435,DGRA
8086,1,9,1486,DGRA
8086,1,10,759,DGRA
8086,2,1,2339,DGRA
8087,1,1,183
8088,1,1,2452
8088,1,2,2142
8088,1,3,1233
8088,1,4,1585
8088,2,1,1048
8088,2,2,2042
8088,2,3,2475
8088,2,4,897
8088,2,5,1977
8088,2,6,882
8089,1,1,1826,DGVC
8089,1,2,1717,DGVC
8089,1,3,1811,DGVC
8089,1,4,1887,DGVC
8089,1,5,1395,DGVC
8089,1,6,1118,DGVC
8089,1,7,2562,DGVC
8089,1,8,3067,DGVC
8089,2,1,2099,DGVC
8089,2,2,1071,DGVC
8089,2,3,1022,DGVC
8089,2,4,1722,DGVC
8089,2,5,1427,DGVC
8089,2,6,1626,DGVC
8089,2,7,927,DGVC
8089,2,8,1564,DGVC
8089,2,9,1792,DGVC
8089,2,10,985,DGVC
8089,3,1,1263,DGVC
8089,3,2,1130,DGVC
8089,3,3,2133,DGVC
8089,3,4,1580,DGVC
8089,3,5,1985,DGVC
8089,3,6,1118,DGVC
8089,3,7,971,DGVC
8089,3,8,2984,DGVC
8089,4,1,2325,DGVC
8089,4,2,1824,DGVC
8090,1,1,189
8091,1,1,2515
8091,1,2,2585
8091,2,1,2623
8092,1,1,1579
8092,2,1,487
8092,2,2,1480
8092,2,3,1370
8093,1,1,27
8094,1,1,2207,DVDP
8095,1,1,85
8096,1,1,2299,DGRA
8096,1,3,1875,DGRA
8096,1,4,2569,DGRA
8096,1,5,1781,DGRA
8096,1,6,1369,DGRA
8096,1,9,2647,DGRA
8096,1,10,1815,DGRA
8096,1,11,1983,DGRA
8096,2,1,2132,DGRA
8096,2,2,1383,DGRA
8096,2,3,686,DGRA
8096,2,4,1845,DGRA
8096,2,5,1758,DGRA
8096,2,6,2200,DGRA
8096,2,7,1489,DGRA
8096,3,1,2339,DGRA
8096,3,2,2032,DGRA
8096,3,3,1549,DGRA
8096,3,4,2061,DGRA
8096,3,5,1781,DGRA
8096,3,6,1348,DGRA
8096,3,7,1028,DGRA
8096,3,8,1363,DGRA
8096,3,9,1121,DGRA
8096,3,10,1432,DGRA
8096,4,1,2365,DGRA
8096,4,2,2269,DGRA
8096,4,3,1136,DGRA
8096,4,4,1983,DGRA
8096,4,6,1128,DGRA
8096,4,7,2440,DGRA
8096,4,8,1466,DGRA
8096,4,9,1788,DGRA
8096,4,10,2294,DGRA
8096,4,11,1721,DGRA
8097,1,1,1585
8098,1,1,1807
8098,1,2,1436
8099,1,1,929
8100,1,1,869,DVIC
8100,1,2,1836,DVIC
8101,1,1,1640,DPDL
8101,1,2,1463,DPDL
8101,1,3,808,DPDL
8101,1,4,916,DPDL
8101,1,5,1128,DPDL
8101,1,6,1591,DPDL
8101,1,7,1545,DPDL
8101,1,8,1435,DPDL
8101,1,9,1108,DPDL
8101,1,10,1102,DPDL
8101,1,11,777,DPDL
8101,1,12,1630,DPDL
8101,1,13,1744,DPDL
8101,1,14,1451,DPDL
8101,1,15,1265,DPDL
8101,1,16,1438,DPDL
8101,1,17,1804,DPDL
8101,1,18,1550,DPDL
8101,1,19,1179,DPDL
8101,1,20,1647,DPDL
8101,1,21,877,DPDL
8101,1,22,953,DPDL
8101,1,23,1239,DPDL
8101,1,24,845,DPDL
8101,1,25,1530,DPDL
8101,1,26,987,DPDL
8101,1,27,752,DPDL
8101,1,28,1028,DPDL
8101,1,29,1060,DPDL
8101,1,30,1040,DPDL
8101,1,31,1261,DPDL
8101,1,32,2332,DPDL
8101,1,33,873,DPDL
8101,1,34,1368,DPDL
8101,1,35,1464,DPDL
8101,1,36,1183,DPDL
8101,1,37,1418,DPDL
8101,1,38,768,DPDL
8101,1,39,865,DPDL
8101,1,40,1004,DPDL
8101,1,41,1725,DPDL
8101,2,1,1614,DPDL
8101,2,2,1767,DPDL
8101,2,4,1596,DPDL
8101,2,5,962,DPDL
8101,2,7,1839,DPDL
8101,2,8,1631,DPDL
8101,2,9,1067,DPDL
8101,2,10,849,DPDL
8101,2,11,1385,DPDL
8101,2,12,1443,DPDL
8101,2,13,996,DPDL
8101,2,14,2268,DPDL
8101,2,16,1341,DPDL
8101,2,17,1455,DPDL
8101,2,20,1696,DPDL
8101,2,21,1992,DPDL
8101,2,23,1268,DPDL
8101,2,24,1225,DPDL
8101,2,26,1835,DPDL
8101,2,28,2243,DPDL
8101,2,29,1868,DPDL
8101,2,31,1336,DPDL
8101,2,32,1170,DPDL
8101,2,33,991,DPDL
8101,2,34,1048,DPDL
8101,2,36,1002,DPDL
8101,2,37,1390,DPDL
8101,2,38,969,DPDL
8101,2,39,1163,DPDL
8101,2,40,1774,DPDL
8101,2,42,1211,DPDL
8101,2,43,1594,DPDL
8101,2,45,1113,DPDL
8101,2,46,1235,DPDL
8101,2,47,1322,DPDL
8101,2,48,1258,DPDL
8101,2,49,1059,DPDL
8101,3,1,1380,DPDL
8101,3,2,1400,DPDL
8101,3,3,1567,DPDL
8101,3,4,1901,DPDL
8101,3,5,1593,DPDL
8101,3,6,1582,DPDL
8101,3,7,1261,DPDL
8101,3,8,1966,DPDL
8101,3,9,1248,DPDL
8101,3,10,956,DPDL
8101,3,11,1547,DPDL
8101,3,12,1792,DPDL
8101,3,13,1874,DPDL
8101,3,14,2266,DPDL
8101,3,15,1753,DPDL
8101,3,16,2060,DPDL
8101,3,17,1109,DPDL
8101,3,18,772,DPDL
8101,3,19,1709,DPDL
8101,3,20,1697,DPDL
8101,3,21,2198,DPDL
8101,3,22,1349,DPDL
8101,3,23,1779,DPDL
8101,3,24,1101,DPDL
8101,3,25,1776,DPDL
8101,3,26,1576,DPDL
8101,3,27,1223,DPDL
8101,3,28,1665,DPDL
8101,3,29,1578,DPDL
8101,4,1,1235,DPDL
8101,4,2,888,DPDL
8101,4,3,1220,DPDL
8101,4,4,1384,DPDL
8101,4,5,1822,DPDL
8101,4,6,1364,DPDL
8101,4,7,1099,DPDL
8101,4,9,1933,DPDL
8101,4,10,1682,DPDL
8101,4,11,984,DPDL
8101,4,12,1598,DPDL
8101,4,14,1909,DPDL
8101,4,16,1447,DPDL
8101,4,18,1406,DPDL
8101,4,19,2003,DPDL
8101,4,20,2108,DPDL
8101,4,21,1247,DPDL
8101,4,22,1265,DPDL
8101,4,23,1120,DPDL
8101,4,25,1061,DPDL
8101,4,26,1025,DPDL
8101,4,27,1693,DPDL
8101,4,30,1121,DPDL
8101,4,31,1647,DPDL
8101,4,32,1312,DPDL
8101,4,33,1852,DPDL
8101,4,35,1160,DPDL
8101,4,36,1590,DPDL
8101,4,37,1700,DPDL
8101,4,40,1033,DPDL
8101,4,41,2043,DPDL
8101,5,1,1003,DPDL
8101,5,2,1544,DPDL
8101,5,3,707,DPDL
8101,5,4,1016,DPDL
8101,5,5,1149,DPDL
8101,5,6,1664,DPDL
8101,5,7,849,DPDL
8101,5,8,1486,DPDL
8101,5,10,1051,DPDL
8101,5,11,2295,DPDL
8101,5,13,1520,DPDL
8101,5,14,1420,DPDL
8101,5,17,2067,DPDL
8101,5,18,1104,DPDL
8101,5,20,851,DPDL
8101,5,21,932,DPDL
8101,5,23,1421,DPDL
8101,5,24,1387,DPDL
8101,5,25,944,DPDL
8101,5,26,1907,DPDL
8101,5,28,1188,DPDL
8101,5,29,1310,DPDL
8101,5,30,1761,DPDL
8101,5,31,1004,DPDL
8101,5,32,1365,DPDL
8101,5,33,1868,DPDL
8101,5,34,1022,DPDL
8101,5,35,929,DPDL
8101,5,37,1253,DPDL
8101,5,38,1298,DPDL
8101,6,1,1958,DPDL
8101,6,2,1166,DPDL
8101,6,5,1593,DPDL
8101,6,6,1003,DPDL
8101,6,7,988,DPDL
8101,6,8,1268,DPDL
8101,6,9,808,DPDL
8101,6,10,1154,DPDL
8101,6,11,1770,DPDL
8101,6,12,982,DPDL
8101,6,13,1163,DPDL
8101,6,14,929,DPDL
8101,6,15,790,DPDL
8101,6,16,2083,DPDL
8101,6,17,920,DPDL
8101,6,18,1101,DPDL
8101,6,19,1277,DPDL
8101,6,21,1341,DPDL
8101,6,22,763,DPDL
8101,6,23,1355,DPDL
8101,6,24,1022,DPDL
8101,6,25,1132,DPDL
8101,6,26,863,DPDL
8101,6,27,869,DPDL
8101,6,30,789,DPDL
8101,6,31,987,DPDL
8101,6,32,871,DPDL
8102,1,1,2159,DIGU
8102,2,1,1032,DIGU
8102,2,2,1364,DIGU
8102,2,3,1705,DIGU
8102,3,1,1428,DIGU
8102,3,2,2082,DIGU
8102,3,3,1297,DIGU
8102,3,4,1999,DIGU
8102,3,5,1123,DIGU
8102,3,6,1870,DIGU
8102,3,7,2276,DIGU
8102,3,8,1429,DIGU
8102,3,9,1904,DIGU
8102,3,10,1587,DIGU
8102,4,1,1089,DIGU
8102,4,2,1181,DIGU
8102,4,3,1156,DIGU
8102,4,4,1239,DIGU
8102,4,5,1693,DIGU
8102,5,1,1628,DIGU
8102,5,2,1733,DIGU
8102,5,3,2040,DIGU
8102,5,4,1487,DIGU
8102,5,5,791,DIGU
8102,5,6,1047,DIGU
8102,5,7,2536,DIGU
8103,1,1,825
8104,1,1,917
8105,1,1,1700,DLLL
8105,1,2,1616,DLLL
8105,1,3,1523,DLLL
8105,1,4,1452,DLLL
8105,1,5,1583,DLLL
8105,1,6,1283,DLLL
8105,1,7,1389,DLLL
8105,1,8,1084,DLLL
8105,1,9,1629,DLLL
8106,1,1,1539
8106,1,2,2093
8106,2,1,2161
8106,2,2,1305
8106,2,3,1585
8106,2,4,1433
8107,1,1,1957,DMDV
8107,1,2,1402,DMDV
8107,1,3,1365,DMDV
8107,1,4,1947,DMDV
8107,1,5,1674,DMDV
8107,1,6,1139,DMDV
8107,1,7,1676,DMDV
8107,1,8,1579,DMDV
8107,1,9,1395,DMDV
8107,1,10,1539,DMDV
8108,1,1,1921,DMDV
8108,1,2,1842,DMDV
8108,1,3,1626,DMDV
8108,1,4,1191,DMDV
8109,1,1,271
8110,1,1,1596
8110,1,2,2594
8110,1,3,2296
8110,1,4,1995
8110,1,5,1706
8110,1,6,2444
8110,2,1,1791
8110,2,2,2355
8110,2,3,2173
8111,1,1,276
8112,1,1,2166,DMAN
8112,1,2,1106,DMAN
8112,2,1,1629,DMAN
8112,2,2,1778,DMAN
8112,2,3,1322,DMAN
8112,2,4,1763,DMAN
8112,3,1,1621,DMAN
8112,3,2,2210,DMAN
8112,3,3,2399,DMAN
8112,3,4,1800,DMAN
8112,4,1,1013,DMAN
8112,4,2,1997,DMAN
8113,1,1,1087,DMAS
8113,1,2,1122,DMAS
8113,2,1,990,DMAS
8113,2,2,2051,DMAS
8113,2,3,1957,DMAS
8113,2,4,2014,DMAS
8113,2,5,2305,DMAS
8113,2,6,834,DMAS
8113,2,7,1413,DMAS
8113,2,8,1149,DMAS
8113,2,9,2071,DMAS
8113,2,10,1825,DMAS
8113,2,11,1757,DMAS
8113,2,12,1452,DMAS
8113,2,13,1581,DMAS
8113,2,14,1086,DMAS
8113,3,1,1200,DMAS
8113,3,2,1069,DMAS
8113,3,4,1586,DMAS
8113,3,5,2717,DMAS
8113,3,6,1175,DMAS
8113,4,1,2132,DMAS
8113,4,3,1038,DMAS
8113,4,4,1981,DMAS
8113,4,5,1651,DMAS
8113,4,6,1869,DMAS
8113,4,7,2204,DMAS
8113,4,8,1491,DMAS
8113,4,9,1620,DMAS
8113,4,11,995,DMAS
8113,4,12,1009,DMAS
8113,4,13,1597,DMAS
8113,4,14,1780,DMAS
8113,4,15,2676,DMAS
8113,5,1,1180,DMAS
8113,5,2,1688,DMAS
8113,5,3,1510,DMAS
8113,5,4,932,DMAS
8113,5,5,2384,DMAS
8113,5,6,1906,DMAS
8113,5,7,497,DMAS
8113,5,8,787,DMAS
8113,5,10,1429,DMAS
8113,5,11,1839,DMAS
8113,5,12,1006,DMAS
8113,5,13,951,DMAS
8113,5,14,1931,DMAS
8113,5,15,1104,DMAS
8113,5,17,1608,DMAS
8113,5,18,884,DMAS
8113,6,1,1026,DMAS
8113,6,2,1046,DMAS
8114,1,1,1821,DMRT
8114,1,2,1340,DMRT
8114,1,3,1784,DMRT
8114,2,3,3146,DMRT
8114,3,2,1752,DMRT
8114,3,4,1787,DMRT
8114,3,5,2281,DMRT
8114,3,6,2396,DMRT
8114,3,7,1367,DMRT
8114,3,8,2194,DMRT
8114,3,10,660,DMRT
8114,4,1,2350,DMRT
8114,4,2,2011,DMRT
8114,4,3,1705,DMRT
8114,4,4,2073,DMRT
8115,1,1,1853,DLLL
8115,1,2,1521,DLLL
8115,1,3,1449,DLLL
8116,1,1,704,DMAN
8117,1,1,2333,DMAN
8117,2,1,845,DMAN
8118,1,1,1843
8118,1,2,2150
8118,1,3,1235
8118,1,4,1864
8118,1,5,1993
8118,1,6,1866
8118,1,7,1517
8118,1,8,1350
8118,1,9,890
8118,1,10,2110
8118,2,1,1781
8118,2,2,1371
8118,2,3,1644
8118,2,4,2234
8119,1,1,5294
8119,1,2,4329
8120,1,1,2595,DTRS
8120,1,2,2557,DTRS
8120,1,3,2530,DTRS
8120,1,4,1990,D???
8121,1,1,1658,DMAT
8121,1,2,1776,DMAT
8121,1,3,1488,DMAT
8121,1,4,1449,DMAT
8121,1,5,1719,DMAT
8121,1,6,1671,DMAT
8121,1,7,1845,DMAT
8121,1,9,1244,DMAT
8121,2,1,2335,DMAT
8121,2,2,1055,DMAT
8121,2,3,1403,DMAT
8121,2,4,3655,DMAT
8121,2,5,2303,DMAT
8121,2,7,1978,DMAT
8121,2,8,1495,DMAT
8121,2,9,1617,DMAT
8121,2,10,1637,DMAT
8121,2,11,2001,DMAT
8121,2,12,1322,DMAT
8121,3,1,1790,DMAT
8121,3,2,2079,DMAT
8121,3,3,1628,DMAT
8121,3,4,2363,DMAT
8121,3,5,1892,DMAT
8121,3,6,1523,DMAT
8121,3,7,1409,DMAT
8121,3,8,1119,DMAT
8121,3,9,2096,DMAT
8121,3,10,679,DMAT
8121,3,11,1762,DMAT
8121,3,12,1872,DMAT
8121,3,13,2961,DMAT
8121,3,14,1184,DMAT
8121,4,1,1193,DMAT
8121,4,2,1402,DMAT
8121,4,3,1001,DMAT
8121,4,4,2946,DMAT
8121,4,5,2760,DMAT
8121,4,6,1739,DMAT
8121,4,7,1303,DMAT
8121,4,8,1466,DMAT
8121,4,9,2156,DMAT
8121,5,1,3070,DMAT
8121,5,2,2062,DMAT
8121,5,3,1927,DMAT
8121,5,4,1251,DMAT
8121,5,5,987,DMAT
8121,5,6,1616,DMAT
8121,5,7,1716,DMAT
8121,5,8,1547,DMAT
8121,5,9,1246,DMAT
8121,5,10,2594,DMAT
8121,5,11,2037,DMAT
8121,5,12,1463,DMAT
8121,5,13,2157,DMAT
8121,5,15,1176,DMAT
8121,5,16,1473,DMAT
8121,5,17,1343,DMAT
8121,5,19,967,DMAT
8121,5,20,1946,DMAT
8121,5,21,836,DMAT
8121,6,1,2395,DMAT
8121,6,2,880,DMAT
8121,6,3,2040,DMAT
8121,6,4,1637,DMAT
8121,6,5,1858,DMAT
8121,6,6,1811,DMAT
8121,6,7,1549,DMAT
8121,6,8,1756,DMAT
8121,6,9,1470,DMAT
8121,6,10,2443,DMAT
8121,6,11,1433,DMAT
8121,6,12,1714,DMAT
8121,6,13,848,DMAT
8121,6,14,1898,DMAT
8122,1,1,2419
8123,1,1,1256,DSFL
8123,1,2,1879,DSFL
8123,1,3,1694,DSFL
8123,2,1,3020,DSFL
8123,2,2,1747,DSFL
8123,2,3,1966,DSFL
8123,2,4,1890,DSFL
8123,3,1,3747,DSFL
8123,3,2,3490,DSFL
8123,3,3,1950,DSFL
8123,3,4,2441,DSFL
8123,4,1,1024,DSFL
8124,1,1,822,DLLL
8124,1,2,1735,DLLL
8124,1,3,1932,DLLL
8124,1,4,1954,DLLL
8124,1,5,1732,DLLL
8124,1,6,2197,DLLL
8124,1,7,1645,DLLL
8124,2,1,2023,DLLL
8124,2,2,1677,DLLL
8124,2,3,2180,DLLL
8124,2,4,1451,DLLL
8124,2,5,1379,DLLL
8124,2,6,1349,DLLL
8124,2,7,2032,DLLL
8124,2,8,1604,DLLL
8124,2,9,1099,DLLL
8124,3,1,2281,DLLL
8124,3,2,1806,DLLL
8124,3,3,1213,DLLL
8124,3,4,1940,DLLL
8124,3,5,1977,DLLL
8124,3,6,1845,DLLL
8124,3,7,2020,DLLL
8124,3,8,857,DLLL
8124,3,9,1024,DMDV
8124,3,10,1367,DLLL
8124,3,11,1832,DLLL
8124,3,12,1926,DLLL
8124,3,13,1614,DLLL
8124,3,14,1380,DLLL
8124,3,15,1258,DLLL
8125,1,1,1190,DMIR
8125,1,2,1668,DMIR
8125,1,4,1804,DMIR
8125,1,5,1503,DMIR
8125,2,1,2092,DMIR
8125,2,2,2444,DMIR
8125,2,3,2225,DMIR
8125,3,1,2639,DMIR
8125,3,2,1340,DMIR
8125,3,3,2254,DMIR
8125,3,4,1834,DMIR
8125,3,5,2207,DMIR
8125,3,6,1646,DMIR
8125,4,1,1034,DMIR
8125,4,2,1034,DMIR
8125,4,3,1369,DMIR
8125,5,1,2449,DBSS
8125,5,2,1463,DBSS
8125,5,3,1488,DBSS
8125,6,1,984,DMIR
8125,6,2,904,DBSS
8125,6,3,1223,DMIR
8126,1,1,4067,DBSS
8126,1,2,3296,DBSS
8126,1,3,2975,DBSS
8126,1,4,1922,DBSS
8127,1,1,986
8127,1,2,2192
8128,1,1,716
8129,1,1,655
8130,1,1,136
8131,1,1,1048
8132,1,1,472
8133,1,1,158
8134,1,1,1127
8135,1,1,2538,DMDV
8135,1,2,1550,DMDV
8135,1,3,2374,DMDV
8135,1,4,1145,DMDV
8135,1,5,1191,DMDV
8136,1,1,2327,DMDV
8136,1,2,1636,DMDV
8136,1,3,2415,DMDV
8136,1,4,1988,DMDV
8136,1,5,2282,DMDV
8136,1,6,1499,DMDV
8136,1,7,939,DMDV
8136,2,1,1330,DMDV
8136,2,2,909,DMDV
8136,2,3,1479,DMDV
8137,1,1,362
8138,1,1,2660
8138,1,2,2539
8138,1,3,1275
8139,1,1,231
8140,1,1,1826
8140,1,2,2088
8140,1,3,2154
8141,1,1,1055
8141,1,2,718
8141,1,3,2384
8141,1,4,1519
8141,2,1,297
8142,1,1,176
8143,1,1,2321,DIGU
8143,1,2,1360,DIGU
8144,1,1,874
8145,1,1,2417,DVDP
8145,1,2,1430,D???
8146,1,1,860
8146,1,2,1063
8147,1,1,2328,DABR
8147,1,2,2220,DABR
8147,1,3,1307,DABR
8147,1,4,2110,DABR
8147,1,5,2123,DABR
8147,1,6,1858,DABR
8147,1,7,1838,DABR
8147,1,8,2336,DABR
8147,1,9,1838,DABR
8147,1,10,2031,DABR
8147,1,11,2483,DABR
8147,1,12,1660,DABR
8148,1,1,1878
8148,1,2,2249
8149,1,1,1190
8150,1,1,339
8151,1,1,547
8152,1,1,154
8153,1,1,779
8154,1,1,915,DVDP
8155,1,1,2804
8155,1,2,1539
8155,1,3,2191
8155,1,4,1759
8155,1,5,1353
8156,1,1,1543,DLLL
8156,1,2,2727,DLLL
8156,1,3,1925,DLLL
8156,1,4,2448,DLLL
8156,1,5,1119,DLLL
8156,1,6,1951,DLLL
8156,1,7,1623,DMDV
8156,1,8,1581,DLLL
8157,1,1,2481,DSFL
8157,1,2,2486,DSFL
8157,1,3,2052,DSFL
8157,1,4,1914,DSFL
8157,1,5,2703,DSFL
8158,1,1,2335,DSFL
8158,1,2,1897,DSFL
8159,1,1,1664,DMDV
8159,1,2,2229,DMDV
8159,1,3,1352,DMDV
8159,1,4,1227,DMDV
8159,2,1,1278,DMDV
8159,2,2,1174,DMDV
8159,2,3,2440,DMDV
8159,2,4,1685,DMDV
8159,2,5,1231,DMDV
8159,2,6,2503,DMDV
8159,2,7,2124,DMDV
8160,1,1,412
8161,1,1,1215
8161,1,2,3375
8161,1,3,2453
8161,1,4,2053
8161,1,5,1972
8161,1,6,1511
8161,1,7,937
8161,1,8,1766
8161,1,9,1129
8162,1,1,3064
8163,1,1,2330
8163,1,2,2457
8163,1,3,1777
8163,1,4,2916
8163,1,5,1488
8163,1,6,1798
8163,1,7,2374
8163,1,8,1693
8163,1,9,2081
8163,1,10,1631
8163,1,11,1633
8163,1,12,1876
8163,1,13,1887
8163,1,14,2033
8164,1,1,1306
8165,1,1,2207
8166,1,1,1063
8167,1,1,1827,DLLL
8167,1,2,1618,DLLL
8167,1,3,1966,DLLL
8167,1,4,2080,DLLL
8167,1,5,1003,DLLL
8168,1,1,523
8169,1,1,1923,DPDL
8169,1,2,2084,DPDL
8169,1,3,1336,DPDL
8169,1,4,1871,DPDL
8169,1,5,1627,DPDL
8169,2,1,1666,DPDL
8169,2,2,2033,DPDL
8169,2,3,1468,DPDL
8169,2,4,1963,DPDL
8169,2,5,1922,DPDL
8169,2,6,2109,DPDL
8169,2,7,1890,DPDL
8169,3,1,1444,DPDL
8169,3,2,1129,DPDL
8169,3,3,1658,DPDL
8169,3,4,1697,DPDL
8169,3,5,2114,DPDL
8169,3,6,1371,DPDL
8169,3,7,1846,DPDL
8169,3,8,2112,DPDL
8169,3,9,2120,DPDL
8169,3,10,1928,DPDL
8169,3,11,1164,DPDL
8169,3,12,723,DPDL
8169,3,13,842,DPDL
8169,4,1,898,DPDL
8169,4,2,2036,DPDL
8169,4,3,1394,DPDL
8169,4,4,1265,DPDL
8169,4,5,1422,DPDL
8169,4,6,1117,DPDL
8169,5,1,1314,DPDL
8169,5,2,1327,DPDL
8169,5,3,1325,DPDL
8169,5,4,1647,DPDL
8169,5,5,1683,DPDL
8169,5,6,2079,DPDL
8169,5,7,1988,DPDL
8169,5,8,2005,DPDL
8169,5,9,1992,DPDL
8170,1,1,551
8171,1,1,1222
8171,1,2,1412
8172,1,1,2440
8172,1,2,2214
8172,1,3,2548
8172,2,1,2060
8172,2,2,2293
8172,2,3,1797
8172,2,4,2015
8172,3,1,1549
8172,3,2,1692
8172,3,3,1319
8172,3,4,1719
8172,3,5,1454
8172,3,6,1389
8172,3,7,1430
8172,3,8,1171
8172,3,9,1433
8174,1,1,551
8175,1,1,2191
8175,1,2,1530
8175,2,1,568
8176,1,1,206
8177,1,1,51
8178,1,1,549
8179,1,1,868
8180,1,1,2220,DMIR
8180,1,2,1921,DMIR
8180,1,3,1770,DMIR
8180,1,4,1874,DMIR
8180,1,5,2114,DMIR
8180,1,6,1560,DMIR
8180,1,7,2546,DMIR
8180,1,8,2857,DMIR
8180,1,9,1513,DMIR
8180,1,10,1364,DMIR
8180,1,11,2233,DMIR
8180,1,12,2082,DMIR
8180,1,13,2430,DMIR
8180,2,1,1664,DMIR
8180,2,2,2149,DMIR
8180,2,3,2388,DMIR
8180,2,4,1746,DMIR
8180,2,5,1464,DMIR
8180,2,6,1704,DMIR
8180,2,7,1540,DMIR
8181,1,1,1714
8181,1,2,1006
8181,1,3,2662
8181,1,4,2162
8181,1,5,3132
8182,1,1,4016
8183,1,1,2034
8183,1,2,1627
8183,1,3,1589
8183,2,1,1199
8184,1,1,1591,DRUB
8184,1,2,1787,DRUB
8184,1,3,1584,DRUB
8184,1,4,1714,DRUB
8184,2,1,2676,DRUB
8184,2,3,2427,DRUB
8184,2,4,2625,DRUB
8184,2,5,1220,DRUB
8184,2,6,2307,DRUB
8184,3,1,1796,DRUB
8184,3,3,2198,DRUB
8184,3,4,2235,DRUB
8184,3,5,2070,DRUB
8184,3,6,2110,DRUB
8184,3,7,1826,DRUB
8184,3,8,1412,DRUB
8184,3,9,2272,DRUB
8184,4,1,1727,DRUB
8184,4,2,1367,DRUB
8184,4,3,1704,DRUB
8184,4,4,2371,DRUB
8184,4,5,1696,DRUB
8184,4,6,1797,DRUB
8184,4,7,1600,DRUB
8184,4,8,1403,DRUB
8184,4,9,1894,DRUB
8184,4,10,2774,DRUB
8184,4,11,2355,DRUB
8184,4,12,1700,DRUB
8184,4,13,2328,DRUB
8184,4,14,1893,DRUB
8184,4,15,1635,DRUB
8184,4,16,2685,DRUB
8184,4,18,1332,DRUB
8184,4,19,1405,DRUB
8184,4,20,1303,DRUB
8184,4,21,1769,DRUB
8184,4,22,2157,DRUB
8184,4,23,1206,DRUB
8184,4,24,1242,DRUB
8184,4,25,1068,DRUB
8184,4,26,2288,DRUB
8185,1,1,236
8187,1,1,743,DSRS
8187,1,2,1224,DSRS
8187,1,3,1085,DSRS
8187,1,4,2306,DSRS
8187,1,5,1564,DSRS
8187,1,6,1475,DSRS
8187,1,7,2188,DSRS
8187,1,8,2414,DSRS
8187,1,9,1545,DSRS
8187,1,10,1254,DSRS
8187,1,11,1423,DSRS
8187,1,12,1202,DSRS
8187,1,13,1144,DSRS
8187,1,14,1904,DSRS
8187,1,15,1571,DSRS
8187,1,16,2085,DSRS
8187,1,17,2455,DSRS
8187,1,18,1932,DSRS
8187,1,19,2229,DSRS
8187,1,20,1625,DSRS
8187,1,21,1168,DSRS
8187,1,22,1242,DSRS
8187,1,23,1494,DSRS
8187,1,24,1562,DSRS
8187,1,25,1518,DSRS
8187,1,26,781,DSRS
8187,1,27,696,DSRS
8187,1,28,866,DSRS
8187,1,29,1278,DSRS
8187,1,30,1117,DSRS
8187,1,31,1118,DSRS
8187,1,32,1192,DSRS
8187,1,33,1371,DSRS
8187,1,34,1635,DSRS
8187,1,35,1192,DSRS
8187,1,36,1434,DSRS
8187,1,37,1231,DSRS
8187,1,38,977,DSRS
8187,2,1,1567,DSRS
8187,2,2,1343,DSRS
8187,2,3,1424,DSRS
8187,2,4,1934,DSRS
8187,2,5,1797,DSRS
8187,2,6,1944,DSRS
8187,2,7,1738,DSRS
8187,2,8,845,DSRS
8187,2,9,1361,DSRS
8187,2,10,820,DSRS
8187,2,11,958,DSRS
8187,2,12,1921,DSRS
8187,2,13,1573,DSRS
8187,2,14,2259,DSRS
8187,2,15,1432,DSRS
8187,2,16,1429,DSRS
8187,2,17,961,DSRS
8187,3,1,1625,DSRS
8187,3,2,1428,DSRS
8187,3,3,1755,DSRS
8187,3,4,1761,DSRS
8187,3,5,1001,DSRS
8187,3,6,982,DSRS
8187,3,7,865,DSRS
8187,3,8,1326,DSRS
8187,3,9,1051,DSRS
8187,3,10,659,DSRS
8187,3,11,1426,DSRS
8187,3,12,1153,DSRS
8187,3,13,1115,DSRS
8187,3,14,1814,DSRS
8187,3,15,1432,DSRS
8187,3,16,1432,DSRS
8187,3,17,1075,DSRS
8187,3,18,1269,DSRS
8187,3,19,802,DSRS
8187,3,20,717,DSRS
8187,3,21,1259,DSRS
8187,3,22,796,DSRS
8187,3,23,1796,DSRS
8187,3,24,1966,DSRS
8187,3,25,1531,DSRS
8187,3,26,707,DSRS
8187,3,27,724,DSRS
8187,4,1,1810,DSRS
8187,4,2,1342,DSRS
8187,4,3,1065,DSRS
8187,4,4,1619,DSRS
8187,4,5,1633,DSRS
8187,4,6,1627,DSRS
8187,4,7,1108,DSRS
8187,4,8,1845,DSRS
8187,4,9,1110,DSRS
8187,4,10,1245,DSRS
8187,4,11,980,DSRS
8187,4,12,1190,DSRS
8187,4,13,1821,DSRS
8187,4,14,1217,DSRS
8187,4,15,946,DSRS
8187,4,16,2224,DSRS
8187,4,17,1918,DSRS
8187,4,18,789,DSRS
8187,4,19,1398,DSRS
8187,4,20,945,DSRS
8187,4,21,1176,DSRS
8187,4,22,879,DSRS
8187,4,23,1211,DSRS
8187,4,24,1132,DSRS
8187,4,25,1313,DSRS
8187,4,26,1401,DSRS
8187,4,27,1970,DSRS
8187,4,28,1302,DSRS
8187,4,29,1423,DSRS
8187,4,30,2169,DSRS
8187,5,1,1736,DSRS
8187,5,2,1973,DSRS
8187,5,3,1581,DSRS
8187,5,4,932,DSRS
8187,5,5,1365,DSRS
8187,5,6,1164,DSRS
8187,5,7,796,DSRS
8187,5,8,1140,DSRS
8187,5,9,1604,DSRS
8187,5,11,1134,DSRS
8187,5,12,1296,DSRS
8187,5,13,1699,DSRS
8187,5,14,1210,DSRS
8187,5,15,1445,DSRS
8187,5,16,1465,DSRS
8187,6,1,949,DSRS
8187,6,2,1025,DSRS
8187,6,3,1297,DSRS
8187,6,4,1301,DSRS
8187,6,5,1164,DSRS
8187,6,6,1255,DSRS
8187,6,7,1097,DSRS
8187,6,8,1597,DSRS
8187,6,9,2120,DSRS
8187,6,10,968,DSRS
8187,6,11,895,DSRS
8187,6,12,1086,DSRS
8187,6,13,773,DSRS
8187,6,14,2085,DSRS
8187,6,16,1874,DSRS
8187,6,17,1139,DSRS
8187,6,18,1746,DSRS
8187,6,20,1248,DSRS
8187,6,21,1222,DSRS
8187,6,22,1871,DSRS
8187,6,23,1937,DSRS
8187,6,24,1059,DSRS
8187,6,25,1091,DSRS
8187,7,1,1012,DSRS
8187,7,2,1528,DSRS
8187,7,3,1018,DSRS
8187,7,4,883,DSRS
8187,7,5,1122,DSRS
8187,7,6,696,DSRS
8187,7,7,1604,DSRS
8187,7,8,1181,DSRS
8188,1,1,151
8189,1,1,159
8190,1,1,283
8191,1,1,1255,DSLL
8191,1,3,1325,DSLL
8191,1,4,1379,DSLL
8191,1,5,1359,DSLL
8191,1,6,885,DSLL
8191,2,1,514,DSLL
8192,1,1,1458
8192,1,2,2568
8192,1,3,2576
8192,1,4,964
8193,1,1,1438
8194,1,1,1533,DBSS
8194,1,2,1762,DBSS
8194,1,3,2012,DBSS
8194,1,4,1751,DBSS
8194,1,5,2033,DBSS
8194,1,6,1267,DBSS
8194,2,1,1810,DBSS
8194,2,2,1829,DBSS
8194,2,3,1586,DBSS
8194,2,4,1870,DBSS
8194,2,5,1993,DBSS
8194,3,1,661,DBSS
8194,4,1,1669,DBSS
8194,5,1,1544,DBSS
8194,5,2,1559,DBSS
8194,5,3,980,DBSS
8194,5,4,1286,DBSS
8194,6,1,448,DBSS
8194,6,2,1321,DBSS
8194,6,3,975,DBSS
8194,6,4,1664,DBSS
8194,6,5,1291,DBSS
8194,6,6,1669,DBSS
8194,6,7,2770,DBSS
8195,1,1,92
8196,1,1,2092,DSFL
8196,1,2,2020,DSFL
8196,1,3,1655,DSFL
8196,1,4,1784,DSFL
8196,1,5,1546,DSFL
8196,1,6,1764,DSFL
8196,1,7,1771,DSFL
8196,1,8,1480,DSFL
8196,1,9,2705,DSFL
8196,1,10,2413,DSFL
8196,1,11,2168,DSFL
8196,1,12,1885,DSFL
8196,1,13,1089,DSFL
8196,1,14,2803,DSFL
8197,1,1,2102
8197,1,2,2200
8197,1,3,1820
8197,2,1,1829
8197,2,2,1855
8197,2,3,1344
8198,1,1,1763
8198,1,2,1593
8198,1,3,1320
8198,1,4,1707
8199,1,1,913
8200,1,1,1086,DPDL
8200,1,2,1529,DPDL
8200,1,3,1035,DPDL
8200,1,4,1745,DPDL
8200,1,5,2561,DPDL
8200,1,6,867,DPDL
8200,1,7,1036,DPDL
8200,2,1,2621,DPDL
8200,2,2,1945,DPDL
8200,2,3,1931,DPDL
8200,2,4,1281,DPDL
8200,2,5,1411,DPDL
8200,2,6,1534,DPDL
8200,2,7,1161,DPDL
8200,2,8,1449,DPDL
8200,2,9,1652,DPDL
8200,2,10,2222,DGVC
8200,2,11,1573,DGVC
8200,2,12,2473,DGVC
8200,2,13,2098,DGVC
8200,2,14,1880,DGVC
8200,2,15,1682,DPDL
8200,2,16,1492,DGVC
8200,2,17,1484,DGVC
8200,2,18,1495,DGVC
8200,2,19,776,DPDL
8200,3,1,1813,DPDL
8200,3,2,1816,DPDL
8200,3,3,2149,DPDL
8200,3,4,1013,DPDL
8200,3,5,2389,DPDL
8200,3,6,1493,DPDL
8200,3,7,2127,DPDL
8200,3,8,737,DGVC
8200,3,9,1271,DGVC
8200,4,1,2125,DPDL
8200,4,2,2115,DPDL
8200,4,3,1224,DPDL
8200,4,4,1352,DPDL
8200,4,5,1950,DPDL
8200,4,6,2142,DPDL
8200,4,7,2007,DGVC
8200,4,8,1862,DGVC
8200,4,9,1129,DPDL
8200,5,1,2020,DGVC
8200,5,2,1679,DGVC
8200,5,3,1655,DGVC
8200,6,1,2460,DGVC
8200,6,2,1904,DGVC
8200,6,3,1304,DGVC
8201,1,1,573
8202,1,1,2076
8202,1,2,1036
8202,1,3,2111
8202,1,4,960
8202,1,5,2517
8202,1,6,2455
8202,1,7,1762
8202,1,8,1216
8202,1,9,1804
8202,2,1,2239
8203,1,1,1906
8203,1,2,1664
8204,1,1,2241,DGVC
8204,1,2,1952,DGVC
8205,1,1,2007,DMIR
8205,1,2,1718,DMIR
8205,1,3,1184,DMIR
8205,1,4,2021,DMIR
8205,1,5,1862,DMIR
8205,1,6,2509,DMIR
8205,1,7,1053,DMIR
8205,1,8,2641,DMIR
8205,1,9,1677,DMIR
8205,1,10,1564,DMIR
8205,1,11,1791,DMIR
8205,1,12,2474,DMIR
8205,1,13,1600,DMIR
8205,1,14,1021,DMIR
8205,1,15,2344,DMIR
8205,1,16,1215,DMIR
8205,1,17,3929,DRUB
8205,1,18,2360,DRUB
8205,1,19,1192,DMIR
8205,1,20,1502,DMIR
8205,1,21,975,DMIR
8205,1,22,1572,DMIR
8205,1,23,1595,DMIR
8205,2,1,1567,DMIR
8205,2,2,1999,DMIR
8205,2,3,1661,DMIR
8205,2,4,1375,DMIR
8205,2,5,1569,DMIR
8205,2,6,1849,DMIR
8205,2,7,1625,DMIR
8205,2,8,1999,DMIR
8205,2,9,1733,DMIR
8205,2,10,2156,DMIR
8205,2,11,1595,DMIR
8205,2,12,1662,DMIR
8205,3,1,1836,DRUB
8205,3,2,2228,DRUB
8205,3,3,2277,DRUB
8205,3,4,2103,DRUB
8205,4,1,1379,DSFL
8205,4,2,1529,DMIR
8205,4,3,1956,DMIR
8205,5,1,1839,DMIR
8205,5,2,1551,DRUB
8205,5,3,2212,DMIR
8205,5,4,2198,DMIR
8205,5,5,1478,DMIR
8205,5,6,2924,DMIR
8205,5,7,3206,DRUB
8205,5,8,1316,DRUB
8205,6,1,1384,D???
8206,1,1,1004,DVDP
8207,1,1,2997
8208,1,1,1833,DMRT
8208,1,2,2202,DMRT
8208,1,3,1247,DMRT
8208,1,4,1375,DMRT
8208,1,5,1114,DMRT
8209,1,1,2116,DLLL
8209,1,2,1971,DLLL
8209,1,3,2362,DLLL
8209,1,4,2548,DLLL
8210,1,1,1674
8210,1,2,1975
8210,2,1,1546
8210,2,2,1211
8211,1,1,1693,DSFL
8211,1,2,1244,DSFL
8211,1,3,1450,DSFL
8211,1,4,1960,DSFL
8211,1,5,3064,DSFL
8211,1,6,730,DSFL
8211,1,7,1643,DSFL
8211,2,3,1418,DSFL
8211,2,4,1521,DSFL
8211,2,6,1386,DSFL
8211,2,7,1153,DSFL
8211,2,8,1533,DSFL
8211,3,1,1619,DSFL
8211,3,2,2320,DSFL
8211,3,3,1783,DSFL
8211,3,4,1913,DSFL
8211,3,5,1648,DSFL
8211,4,3,1015,DSFL
8211,4,6,1814,DSFL
8211,4,7,746,DSFL
8211,4,8,829,DSFL
8211,5,1,1026,DSFL
8211,5,2,914,DSFL
8211,5,3,1549,DSFL
8211,5,4,1252,DSFL
8211,5,5,1459,DSFL
8211,6,4,1351,DSFL
8211,7,1,2116,DSFL
8211,7,2,2094,DSFL
8211,7,3,1220,DSFL
8212,1,1,617
8213,1,1,1279
8213,1,2,1250
8213,1,3,2085
8213,1,4,972
8213,1,5,1438
8213,1,6,1912
8214,1,1,1399,DMAT
8214,1,2,1005,DMAT
8214,1,3,1612,DMAT
8214,1,4,1375,DMAT
8214,2,1,2250,DMAT
8214,2,2,1433,DMAT
8215,1,1,1237,DMAN
8215,1,2,1155,DMAN
8215,1,3,1155,DMAN
8216,1,1,28
8217,1,1,1763,DPDL
8217,1,2,1078,DPDL
8217,1,3,1892,DPDL
8217,1,4,2601,DPDL
8217,1,5,1838,DPDL
8217,1,6,1038,DPDL
8217,1,7,1325,DPDL
8217,1,8,1528,DPDL
8217,1,9,1511,DPDL
8217,1,10,2058,DPDL
8217,2,2,2657,DPDL
8217,2,3,726,DPDL
8217,2,4,1393,DPDL
8217,3,1,1304,DPDL
8217,3,2,1364,DPDL
8217,3,3,863,DPDL
8217,3,4,1639,DPDL
8217,3,5,1160,DPDL
8217,4,1,2780,DPDL
8217,5,1,2534,DPDL
8217,5,2,1078,DPDL
8218,1,1,2227,DMAS
8218,1,2,2128,DMAS
8218,1,3,2296,DMAS
8218,1,5,1800,DMAS
8218,1,6,2420,DMAS
8219,1,1,1148,DMAT
8219,1,2,1847,DMAT
8219,1,3,2286,DMAT
8219,1,4,2164,DMAT
8219,1,5,1310,DMAT
8219,1,6,1343,DMAT
8219,2,1,1282,DMAT
8219,2,2,1292,DMAT
8219,2,3,1296,DMAT
8219,2,4,1268,DMAT
8219,2,5,1190,DMAT
8219,3,1,1381,DMAT
8219,3,2,1061,DMAT
8219,3,3,1120,DMAT
8219,3,4,948,DMAT
8220,1,1,1667,DVIC
8220,1,2,1485,DVIC
8221,1,1,1464,DPDL
8221,1,2,2374,DPDL
8221,1,3,2490,DPDL
8221,1,4,2071,DPDL
8221,1,5,2090,DPDL
8221,1,6,2121,DPDL
8221,1,7,1872,DPDL
8221,1,8,1374,DPDL
8221,1,9,1055,DSFL
8221,1,10,2468,DSFL
8222,1,1,2459
8223,1,1,2514
8224,1,1,1186
8225,1,1,107
8226,1,1,1236
8227,1,1,2201,DVDP
8227,1,2,1085,D???
8228,1,1,344
8229,1,1,614
8230,1,1,2705
8230,1,2,1842
8230,1,3,1539
8230,1,4,1813
8230,1,5,965
8230,1,6,1555
8231,1,1,1739,DVLG
8231,1,2,1499,DVLG
8231,1,3,2144,DVLG
8231,1,4,2094,DVLG
8231,1,5,2390,DVLG
8231,1,6,1856,DVLG
8231,1,7,2094,DVLG
8231,1,8,1587,DVLG
8231,1,9,2688,DVLG
8231,1,10,1784,DVLG
8231,1,11,1288,DVLG
8231,1,12,1656,DVLG
8231,1,13,1784,DVLG
8231,1,14,1312,DVLG
8231,1,15,2082,DVLG
8231,1,16,1488,DVLG
8231,1,17,2040,DVLG
8232,1,1,2411
8233,1,1,1033
8233,1,2,1455
8234,1,1,1211
8234,1,2,1455
8234,1,3,2005
8235,1,1,1648
8235,1,2,2445
8235,1,3,1445
8236,1,1,2367
8237,1,1,1319
8237,1,2,826
8238,1,1,1639,DSRS
8238,1,2,1272,DSRS
8238,1,3,2274,DTRS
8238,1,4,1755,DSRS
8238,1,5,2064,DSRS
8238,1,6,1646,DSRS
8238,1,7,1748,DSRS
8238,1,8,2357,DSRS
8238,1,9,1352,DSRS
8238,1,10,1398,DSRS
8238,1,11,1496,DSRS
8238,1,12,1155,DSRS
8239,1,1,660
8240,1,1,1255
8240,1,2,1997
8240,1,3,1244
8240,1,4,1157
8240,2,1,1259
8240,2,2,2077
8240,2,3,1405
8240,2,4,2446
8241,1,1,76
8242,1,1,271
8243,1,1,179
8244,1,1,2258,DPDL
8244,1,2,785,DPDL
8244,1,3,2762,DPDL
8244,1,4,1710,DPDL
8244,1,5,758,DPDL
8245,1,1,1048,DBSS
8245,1,2,955,DBSS
8245,1,3,1416,DBSS
8245,1,4,885,DBSS
8245,1,5,935,DBSS
8245,1,6,863,DBSS
8245,1,7,1615,DBSS
8245,1,9,1435,DBSS
8245,1,10,1718,DBSS
8245,1,11,1089,DBSS
8245,1,12,862,DBSS
8245,1,13,1994,DBSS
8245,1,14,1091,DBSS
8245,1,15,925,DBSS
8245,1,16,936,DBSS
8245,1,17,1522,DBSS
8245,1,18,1321,DBSS
8245,1,19,1528,DBSS
8245,2,1,991,DBSS
8245,2,2,1552,DBSS
8245,2,3,1719,DBSS
8245,2,4,1404,DBSS
8245,2,5,1375,DBSS
8245,2,6,1313,DBSS
8245,2,7,2086,DBSS
8245,2,8,1547,DBSS
8245,2,9,1215,DBSS
8245,2,10,744,DBSS
8245,2,11,1419,DBSS
8245,3,1,870,DBSS
8245,3,2,721,DBSS
8245,3,3,920,DBSS
8245,3,4,1085,DBSS
8245,3,5,1207,DBSS
8245,3,6,1168,DBSS
8245,3,7,1656,DBSS
8245,3,8,827,DBSS
8245,3,9,1618,DBSS
8245,3,10,660,DBSS
8245,3,11,1132,DBSS
8245,3,12,1584,DBSS
8245,3,13,1595,DBSS
8245,3,14,1233,DBSS
8245,3,15,1328,DBSS
8245,3,16,858,DBSS
8245,3,17,700,DBSS
8245,4,1,1120,DBSS
8245,4,2,1241,DBSS
8245,4,3,1652,DBSS
8245,4,4,1453,DBSS
8245,4,5,1071,DBSS
8245,4,6,1290,DBSS
8245,4,7,1593,DBSS
8245,4,8,1699,DBSS
8245,4,9,1461,DBSS
8245,4,10,1250,DBSS
8245,4,11,1184,DBSS
8245,4,12,1067,DBSS
8245,4,13,1025,DBSS
8245,4,14,1801,DBSS
8245,4,15,1459,DBSS
8245,4,16,1428,DBSS
8245,5,1,1036,DBSS
8245,5,2,1382,DBSS
8245,5,3,1146,DBSS
8245,5,4,873,DBSS
8245,5,5,1317,DBSS
8245,5,6,1235,DBSS
8245,5,7,1105,DBSS
8245,5,8,994,DBSS
8245,5,9,1222,DBSS
8245,5,11,2493,DBSS
8245,5,12,1543,DBSS
8245,5,13,2416,DBSS
8245,5,14,1593,DBSS
8245,5,15,1604,DBSS
8245,5,16,1255,DBSS
8245,5,18,1369,DBSS
8245,5,19,1333,DBSS
8245,6,2,1167,DBSS
8245,6,3,2061,DBSS
8245,6,4,880,DBSS
8245,6,5,1188,DBSS
8245,6,8,2921,DBSS
8245,6,9,1824,DBSS
8245,6,11,1948,DBSS
8245,6,12,2326,DBSS
8245,6,14,2599,DBSS
8246,1,1,2259,DVIC
8247,1,1,1409
8248,1,1,3769
8248,1,2,3769
8249,1,1,378
8250,1,1,867,DIGU
8250,1,2,2242,DIGU
8250,1,3,1209,DIGU
8250,1,4,847,DIGU
8250,1,5,2673,DIGU
8250,1,6,1441,DIGU
8250,1,7,913,DIGU
8251,1,1,1161,DVDP
8251,1,2,1670,DVDP
8251,1,3,2812,DVDP
8251,1,4,2021,DVDP
8252,1,1,2567,DMIR
8252,1,2,1193,DMIR
8252,1,3,1355,DMIR
8252,1,4,1426,DMIR
8252,1,5,1485,DMIR
8252,1,6,1088,DMIR
8252,1,7,884,DMIR
8252,1,8,1217,DMIR
8252,1,9,887,DMIR
8252,1,10,1406,DMIR
8252,1,11,1691,DMIR
8252,1,18,1049,DMIR
8252,1,19,1431,DMIR
8252,1,20,1054,DMIR
8252,1,21,1293,DMIR
8252,1,22,2029,DMIR
8252,1,23,813,DMIR
8252,1,24,968,DMIR
8252,1,25,1056,DMIR
8252,1,26,2205,DMIR
8252,1,27,2450,DMIR
8252,1,28,1782,DMIR
8252,1,29,1687,DMIR
8253,1,1,161
8254,1,1,2198
8255,1,1,180
8256,1,1,882,DLLL
8257,1,1,129
8258,1,1,1065
8259,1,1,3151
8259,1,2,2346
8259,1,3,2410
8259,1,4,1759
8260,1,1,1720,DLLL
8260,1,2,1303,DLLL
8260,1,3,2315,DLLL
8260,1,4,2211,DLLL
8260,1,5,1638,DLLL
8260,1,6,995,DLLL
8260,1,7,1280,DLLL
8260,1,8,1814,DLLL
8260,1,9,2452,DLLL
8260,1,10,1092,DLLL
8260,1,11,1211,DLLL
8260,1,12,2213,DLLL
8260,1,13,1182,DLLL
8260,1,14,1037,DLLL
8260,1,15,1525,DLLL
8260,1,16,2045,DLLL
8261,1,1,2041
8261,1,2,1609
8262,1,1,1709
8262,1,2,1857
8262,1,3,2139
8262,2,1,2681
8262,2,2,1482
8263,1,1,795,DSFL
8263,1,2,1855,DSFL
8263,1,3,1368,DSFL
8263,1,4,1850,DSFL
8263,1,5,1560,DSFL
8263,1,6,862,DSFL
8263,1,7,1791,DSFL
8263,1,8,1038,DSFL
8263,1,9,711,DSFL
8263,1,10,1212,DSFL
8263,1,11,1434,DSFL
8263,1,12,859,DSFL
8263,2,1,730,DSFL
8263,2,2,2043,DSFL
8263,2,3,1358,DSFL
8263,3,1,1899,DSFL
8263,3,2,1908,DSFL
8263,4,1,1825,DSFL
8263,4,2,1789,DSFL
8263,4,3,1228,DSFL
8264,1,1,2437
8264,1,2,1553
8264,1,3,1021
8264,1,4,1512
8265,1,1,2077
8266,1,1,2454,DMIR
8266,1,2,2250,DMIR
8266,1,3,1734,DMIR
8266,1,4,1627,DMIR
8266,1,5,1045,DMIR
8266,1,6,1745,DMIR
8266,1,7,790,DMIR
8266,1,8,1667,DMIR
8266,1,9,1720,DMIR
8266,1,10,2155,DMIR
8266,1,11,1748,DMIR
8266,1,12,2467,DMIR
8266,1,13,1074,DMIR
8266,1,14,1922,DMIR
8266,1,15,1819,DMIR
8266,1,16,1531,DMIR
8266,1,17,2092,DMIR
8266,1,18,1551,DMIR
8266,1,19,2136,DMIR
8266,1,20,1398,DMIR
8266,1,27,1763,DMIR
8266,1,28,1691,DMIR
8266,1,29,1961,DMIR
8266,1,30,2420,DMIR
8266,1,31,1017,DMIR
8266,1,32,871,DMIR
8266,1,33,1408,DMIR
8266,1,34,1817,DMIR
8266,1,35,2157,DMIR
8266,1,36,1453,DMIR
8266,1,37,1394,DMIR
8266,1,38,1700,DMIR
8266,1,39,1092,DMIR
8266,1,40,1548,DMIR
8267,1,1,1608,DLLL
8267,1,2,2219,DLLL
8267,1,3,1745,DLLL
8267,1,4,2240,DLLL
8267,1,5,1535,D???
8268,1,1,543
8268,1,2,647
8269,1,1,2343
8269,1,2,1353
8270,1,1,1589,D???
8270,1,2,1889,D???
8270,1,3,3918,D???
8270,1,4,2998,D???
8270,1,5,1074,D???
8270,2,1,2282,DGVC
8270,2,2,1478,D???
8270,2,3,1925,D???
8270,2,4,1733,D???
8270,2,5,1302,D???
8270,2,6,1711,D???
8270,2,7,1279,D???
8270,2,9,2749,D???
8270,2,10,2231,D???
8270,2,11,2059,D???
8271,1,1,78
8272,1,1,211
8273,1,1,866
8273,1,2,1455
8273,1,3,828
8274,1,1,2055
8274,1,2,971
8274,1,4,1811
8274,1,5,1086
8275,1,1,329
8276,1,1,325
8277,1,1,222
8278,1,1,1916
8278,1,2,1690
8278,1,3,1235
8278,1,4,1846
8279,1,1,1335,DTRS
8279,1,2,1463,DTRS
8279,1,4,2065,DTRS
8279,1,5,1364,DTRS
8279,1,6,1543,DTRS
8279,1,7,1842,DTRS
8279,1,8,2688,DTRS
8279,1,9,1405,DTRS
8279,1,10,1280,DTRS
8279,1,11,1286,DTRS
8279,1,12,1517,DTRS
8279,1,13,965,DTRS
8279,1,14,2232,DTRS
8279,1,15,1362,DTRS
8279,1,16,2295,DTRS
8279,1,17,2171,DTRS
8279,1,18,614,DTRS
8279,1,19,1597,DTRS
8279,1,20,1394,DTRS
8279,1,21,1480,DTRS
8279,1,22,1895,DTRS
8279,1,23,1329,DTRS
8279,1,24,841,DTRS
8279,2,1,1943,DTRS
8279,2,2,1454,DTRS
8279,2,3,1843,DTRS
8279,2,4,1617,DTRS
8279,2,5,1411,DTRS
8279,2,6,1245,DTRS
8279,2,8,1290,DTRS
8279,2,9,1931,DTRS
8279,2,11,1321,DTRS
8279,2,12,1637,DTRS
8279,2,14,2152,DTRS
8279,2,15,780,DTRS
8279,2,16,2423,DTRS
8279,2,17,2199,DTRS
8279,3,1,1834,DTRS
8279,3,2,1501,DTRS
8279,3,3,1743,DTRS
8279,3,4,1379,DTRS
8279,3,5,2614,DTRS
8279,3,6,2245,DTRS
8279,3,7,2313,DTRS
8279,3,8,1976,DTRS
8279,3,14,1876,DTRS
8279,3,15,1285,DTRS
8279,3,16,1257,DTRS
8279,3,17,1273,DTRS
8279,3,18,1156,DTRS
8279,3,19,1551,DTRS
8279,3,20,1812,DTRS
8279,4,1,1474,DTRS
8279,4,2,1550,DTRS
8279,4,3,1717,DTRS
8279,4,4,1524,DTRS
8279,4,5,1733,DTRS
8279,4,6,2207,DTRS
8279,4,7,2633,DTRS
8279,4,8,1366,DTRS
8279,4,9,1076,DTRS
8279,4,10,1406,DTRS
8279,4,12,1396,DTRS
8279,4,13,1557,DTRS
8279,4,14,1344,DTRS
8279,4,15,1207,DTRS
8279,4,16,1255,DTRS
8279,4,17,1521,DTRS
8279,4,18,2713,DTRS
8279,4,19,1282,DTRS
8279,4,20,926,DTRS
8279,4,21,1307,DTRS
8279,4,22,2266,DTRS
8279,4,23,2216,DTRS
8279,4,24,2284,DTRS
8279,4,25,1177,DTRS
8279,4,26,1496,DTRS
8279,5,1,2004,DTRS
8279,5,2,1358,DTRS
8279,5,3,2051,DTRS
8279,5,4,1693,DTRS
8279,5,5,982,DTRS
8279,5,6,2032,DTRS
8279,5,7,1152,DTRS
8279,5,8,1847,DTRS
8279,5,9,1692,DTRS
8279,5,10,1995,DTRS
8279,5,11,1864,DTRS
8279,5,12,751,DTRS
8279,5,13,1687,DTRS
8279,5,14,2268,DTRS
8279,5,15,2120,DTRS
8279,5,16,2662,DTRS
8279,5,17,1899,DTRS
8279,5,18,1190,DTRS
8279,5,19,1450,DTRS
8279,5,20,1551,DTRS
8279,5,21,1730,DTRS
8279,5,22,778,DTRS
8279,5,23,1804,DTRS
8279,5,24,1510,DTRS
8279,5,25,1203,DTRS
8279,5,26,1210,DTRS
8279,5,27,1218,DTRS
8279,5,28,1198,DTRS
8279,5,29,1482,DTRS
8279,6,1,1243,DTRS
8279,6,2,1853,DTRS
8279,6,3,2309,DTRS
8279,6,4,1518,DTRS
8279,6,5,1685,DTRS
8279,6,6,1555,DTRS
8279,6,8,2253,DTRS
8279,6,9,1319,DTRS
8279,6,10,2158,DTRS
8279,6,11,1657,DTRS
8279,6,12,1386,DTRS
8279,6,13,992,DTRS
8279,6,14,1255,DTRS
8279,6,16,1750,DTRS
8279,6,18,1299,DTRS
8279,6,20,1942,DTRS
8279,6,23,1450,DTRS
8279,6,24,2528,DTRS
8279,6,25,2058,DTRS
8279,6,26,1686,DTRS
8279,6,27,1295,DTRS
8279,6,28,1543,DTRS
8279,6,29,1110,DTRS
8279,6,30,789,DTRS
8279,6,31,970,DTRS
8279,6,32,901,DTRS
8279,6,33,1543,DTRS
8279,7,1,2915,DTRS
8279,7,2,2012,DTRS
8279,7,3,1735,DTRS
8279,7,4,2264,DTRS
8280,1,1,113
8281,1,1,2204
8281,1,2,2376
8281,1,3,1952
8282,1,1,2543,DBSS
8282,1,2,2199,DBSS
8282,1,3,1174,DBSS
8282,1,4,1689,DBSS
8282,1,5,1404,DBSS
8283,1,1,2429
8283,1,2,1787
8283,1,3,2356
8283,1,4,1796
8284,1,1,2390
8284,1,2,1755
8284,1,3,2173
8284,1,4,2491
8284,2,1,2983
8284,2,2,3246
8284,2,3,2750
8285,1,1,1057
8285,1,2,2107
8285,1,4,2266
8285,2,1,2074
8285,2,2,1476
8285,3,1,1872
8285,3,2,1489
8285,3,3,2212
8286,1,1,2275
8286,1,2,1577
8287,1,1,1429
8288,1,1,2479,DVDP
8289,1,1,1357,DSFL
8289,1,2,1559,DSFL
8289,1,3,2068,DSFL
8289,1,4,1142,DSFL
8290,1,1,2096
8291,1,1,1539
8291,1,2,2335
8291,1,3,2005
8291,1,4,1203
8292,1,1,1375
8293,1,1,258
8294,1,1,3052
8295,1,1,2255,DSFL
8295,1,2,2473,DSFL
8295,1,3,1807,DSFL
8295,1,4,1006,DSFL
8295,1,5,1342,DSFL
8295,1,6,1933,DSFL
8295,1,7,1470,DSFL
8295,1,8,979,DSFL
8295,1,9,836,DSFL
8295,1,10,1337,D???
8296,1,1,2594,DMDV
8297,1,1,179
8298,1,1,2651,DVIC
8298,2,1,1406,DVIC
8298,2,2,2266,DVIC
8298,2,3,2279,DVIC
8298,2,4,2065,DVIC
8298,2,5,2360,DVIC
8298,2,6,2118,DVIC
8298,3,1,1283,DVIC
8298,3,3,2539,DVIC
8298,3,4,1089,DVIC
8298,3,5,3641,DVIC
8298,3,6,1958,DVIC
8298,3,7,2387,DVIC
8298,3,8,2512,DVIC
8298,3,9,834,DVIC
8298,3,10,978,DVIC
8298,3,11,1731,DVIC
8298,3,12,2328,DVIC
8298,3,13,947,DVIC
8298,4,1,2900,DVIC
8298,4,2,2886,DVIC
8298,4,3,1327,DVIC
8298,4,4,2106,DVIC
8298,5,1,728,DVIC
8299,1,1,424
8300,1,1,2020
8300,1,2,2391
8300,1,3,1370
8300,1,4,1130
8300,1,6,710
8301,1,1,1383,DGVC
8301,1,2,2972,DGVC
8301,1,3,2628,DGVC
8301,1,4,1784,DGVC
8301,1,5,836,DGVC
8301,1,6,1645,DGVC
8301,1,7,1331,DGVC
8301,1,8,1260,DGVC
8301,1,9,1296,DGVC
8301,1,10,1380,DGVC
8301,1,11,1592,DGVC
8301,1,12,984,DGVC
8301,1,13,1226,DGVC
8301,1,14,2406,DGVC
8301,1,15,782,DGVC
8301,1,16,1739,DGVC
8301,2,1,1397,DGVC
8301,2,2,1512,DGVC
8301,2,3,1947,DGVC
8301,2,4,1089,DGVC
8301,2,5,1028,DGVC
8301,2,6,1413,DGVC
8301,2,7,1460,DGVC
8301,2,8,1377,DGVC
8301,2,9,1586,DGVC
8301,2,10,1525,DGVC
8301,2,11,1088,DGVC
8301,2,12,1371,DGVC
8301,2,13,1555,DGVC
8301,2,14,1004,DGVC
8301,2,15,1857,DGVC
8301,2,16,1818,DGVC
8301,2,17,1780,DGVC
8301,2,18,856,DGVC
8301,2,19,775,DGVC
8301,2,20,1761,DGVC
8301,2,21,1166,DGVC
8301,2,22,1783,DGVC
8301,2,23,1196,DGVC
8301,2,24,924,DGVC
8301,2,25,1910,DGVC
8301,2,26,1628,DGVC
8301,2,27,1009,DGVC
8301,2,28,1316,DGVC
8301,2,29,2332,DGVC
8302,1,1,1872,DIGU
8302,1,2,1991,DIGU
8302,1,3,2046,DIGU
8302,1,4,1767,DIGU
8302,1,5,2159,DIGU
8302,1,6,1204,DIGU
8302,1,7,1697,DIGU
8303,1,1,314
8304,1,1,1128,DVDP
8305,1,1,1614,DVDP
8305,1,2,2467,DVDP
8305,1,3,1060,DVDP
8305,2,1,2124,DVDP
8305,2,2,1863,DVDP
8305,2,3,1605,DVDP
8305,2,4,1833,DVDP
8305,2,5,2131,DVDP
8305,2,6,2480,DVDP
8305,3,1,1619,DVDP
8305,3,2,1827,DVDP
8305,3,3,2165,DVDP
8305,3,4,1563,DVDP
8305,4,1,1813,DVDP
8305,4,2,1777,DVDP
8305,4,3,1616,DVDP
8305,4,4,1404,DVDP
8305,4,5,2226,DVDP
8305,4,6,1252,DVDP
8305,4,7,1199,DVDP
8305,4,8,2453,DVDP
8305,4,9,1878,DVDP
8306,1,1,758
8307,1,1,2156,DVLG
8307,1,2,1079,DVLG
8307,1,3,2030,DVLG
8307,1,4,1013,DVLG
8307,1,5,929,DVLG
8307,1,6,1672,DVLG
8307,1,7,2174,DVLG
8307,1,8,2343,DVLG
8307,1,9,1799,DVLG
8307,1,10,1280,DVLG
8307,1,11,1568,DVLG
8307,2,1,3905,DVLG
8307,2,2,2190,DVLG
8307,2,3,1982,DVLG
8307,2,4,2146,DVLG
8307,2,5,571,DVLG
8307,2,6,1552,DVLG
8307,2,7,2481,DVLG
8307,3,1,829,DVLG
8307,3,2,1435,DVLG
8307,3,3,1268,DVLG
8307,3,4,2807,DVLG
8307,3,5,1633,DVLG
8307,4,1,1232,DVLG
8307,4,2,816,DVLG
8307,4,3,879,DVLG
8307,4,4,1857,DVLG
8307,4,5,1937,DVLG
8307,4,6,1806,DVLG
8307,4,7,3940,DVLG
8307,4,8,1103,DVLG
8307,4,9,1107,DVLG
8307,4,10,1839,DVLG
8307,4,11,1796,DVLG
8307,4,12,1452,DVLG
8307,4,13,1416,DVLG
8307,4,14,2030,DVLG
8307,4,15,1770,DVLG
8307,4,16,1636,DVLG
8308,1,1,175
8901,1,1,296
8902,1,1,2426,DMDV
8902,1,2,1368,DMDV
8902,1,3,1741,DMDV
8903,1,1,235
8904,1,1,1024,DMIR
8904,1,2,890,DMIR
8904,1,3,1178,DMIR
8904,1,4,1201,DMIR
8904,1,5,1198,DMIR
8904,1,6,1334,DMIR
8904,1,7,1052,DMIR
8904,1,8,1177,DMIR
8904,1,9,1081,DMIR
8904,1,10,831,DMIR
8904,1,11,1127,DMIR
8904,1,12,1135,DMIR
8905,1,1,1543,DSFL
8905,1,2,1472,DSFL
17001,1,1,885
17002,1,1,789,D???
17003,1,1,178
17004,1,1,798
17005,1,1,619
17006,1,1,1645
17007,1,1,2383
17008,1,1,1500
17008,1,2,2566
17008,1,3,1643
17009,1,1,2757
17009,1,2,2426
17009,2,1,1324
17010,1,1,417
17011,1,1,998
17012,1,1,1657
17013,1,1,1891,D???
17013,1,2,811,DPAM
17013,1,3,1337,D???
17014,1,1,88
17015,1,1,1766,DBAY
17015,1,2,1126,DBAY
17015,1,3,1467,DBAY
17015,1,4,2458,DBAY
17015,1,5,1504,DBAY
17015,2,1,1714,DBAY
17015,2,2,1429,DBAY
17015,2,3,2032,DBAY
17015,2,4,901,DBAY
17015,2,5,1296,DBAY
17015,3,1,1974,DBAY
17015,3,2,2501,DBAY
17016,1,1,1015
17018,1,1,699
17019,1,1,2502
17020,1,1,1769,D???
17020,1,2,1250,D???
17020,1,3,2075,D???
17021,1,1,187
17022,1,2,1869
17022,1,3,2146
17022,1,4,2019
17022,2,1,2393
17022,2,2,1450
17022,2,3,1313
17023,1,1,1425,DBLN
17023,1,2,1947,DBLN
17023,1,4,2070,DBLN
17023,1,6,2423,DBLN
17023,1,7,1095,DBLN
17023,2,1,2391,DBLN
17023,2,2,1501,DBLN
17023,2,3,2134,DBLN
17023,2,4,2456,DBLN
17023,2,5,2588,DBLN
17023,2,6,1431,DBLN
17023,2,7,2325,DBLN
17023,2,8,1025,DBLN
17023,2,9,942,DBLN
17023,2,10,2847,DBLN
17023,2,11,2493,DBLN
17023,2,12,1000,DBLN
17023,2,13,1072,DBLN
17023,3,1,1483,DBLN
17023,3,2,1202,DBLN
17023,3,3,2171,DBLN
17023,3,4,2253,DBLN
17024,1,1,489
17025,1,1,1796
17026,1,1,752
17027,1,1,2244
17027,1,2,1592
17028,1,1,390
17029,1,1,271
17030,1,1,941
17031,1,1,266
17032,1,1,2820
17033,1,1,2274
17033,1,2,2526
17033,1,3,1395
17033,1,4,1856
17034,1,1,3125,DPAM
17034,1,2,1933,DPAM
17034,1,3,2014,DPAM
17034,1,4,2270,DPAM
17034,1,5,2142,DPAM
17035,1,1,711,DBAY
17036,1,1,1347,DRIP
17036,1,2,972,DRIP
17036,1,3,906,DRIP
17037,1,1,149
17038,1,1,533
17039,1,1,1548
17039,1,2,887
17040,1,1,749
17041,1,1,305
17042,1,1,618
17043,1,1,191
17044,1,1,2211
17044,1,2,1776
17044,2,1,3106
17044,2,2,2481
17044,2,3,931
17046,1,1,939
17047,1,1,2275
17047,1,2,1775
17047,1,3,4096
17047,1,4,3008
17048,1,1,1965,DCPA
17048,1,2,3704,DCPA
17048,1,3,2764,DCPA
17048,1,4,1580,DCPA
17048,1,5,1442,DCPA
17049,1,1,1831
17049,1,2,2640
17049,1,3,1135
17050,1,1,973
17051,1,1,282
17052,1,1,179
17054,1,1,462
17055,1,1,188
17056,1,1,2422,DBAY
17057,1,1,1275
17058,1,1,270
17060,1,1,540
17061,1,1,248
17062,1,1,1266
17062,1,2,3157
17062,1,3,1813
17062,1,4,1706
17062,1,5,2555
17063,1,1,239
17064,1,1,412
17065,1,1,469
17066,1,1,1054,DFIG
17066,1,2,1311,DFIG
17066,1,3,2705,DFIG
17066,1,4,1271,DFIG
17066,1,5,1374,DFIG
17066,1,6,2360,DFIG
17066,1,7,1831,DFIG
17066,1,8,1209,DFIG
17066,2,1,1243,DFIG
17066,2,2,1845,DFIG
17066,2,3,1158,DFIG
17066,2,4,2400,DFIG
17066,3,1,1856,DFIG
17066,3,2,2288,DFIG
17066,3,3,2644,DFIG
17066,3,4,2296,DFIG
17066,3,5,3122,DFIG
17066,4,1,1675,DFIG
17066,4,2,2224,DFIG
17066,4,3,2448,DFIG
17066,4,4,2909,DFIG
17066,4,5,2245,DFIG
17066,4,7,853,DFIG
17066,4,8,1146,DFIG
17066,4,9,1576,DFIG
17067,1,1,1147
17068,1,1,299
17069,1,1,506
17070,1,1,157
17071,1,1,1468
17073,1,1,1730,DGIR
17073,1,2,970,DGIR
17074,1,1,793
17075,1,1,464
17076,1,1,170
17077,1,1,909
17078,1,1,502
17079,1,1,1073,DGIR
17079,1,2,894,DGIR
17079,1,3,1256,DGIR
17079,1,4,1346,DGIR
17079,1,5,1778,DGIR
17079,1,6,1543,DGIR
17079,2,1,767,DGIR
17079,2,2,948,DGIR
17079,2,3,1277,DGIR
17079,2,4,1665,DGIR
17079,2,5,947,DGIR
17079,2,6,2031,DGIR
17079,2,7,1888,DGIR
17079,2,8,2034,DGIR
17079,2,9,1330,DGIR
17079,2,10,2375,DGIR
17079,2,11,2543,DGIR
17079,2,12,1339,DGIR
17079,2,13,1181,DGIR
17079,2,14,1036,DGIR
17079,2,15,2419,DGIR
17079,2,16,1213,DGIR
17079,2,17,1353,DGIR
17079,2,18,1583,DGIR
17079,2,19,2594,DGIR
17079,2,20,1191,DGIR
17079,2,21,1620,DGIR
17079,2,22,1702,DGIR
17079,3,1,1062,DGIR
17079,3,2,1052,DGIR
17079,3,3,2383,DGIR
17079,3,4,1141,DGIR
17079,3,5,1413,DGIR
17079,3,6,1055,DGIR
17079,3,7,2470,DGIR
17079,3,8,3575,DGIR
17079,3,9,1674,DGIR
17079,3,10,2100,DGIR
17079,3,11,3353,DGIR
17079,3,12,2867,DGIR
17079,3,13,1749,DGIR
17079,3,14,2903,DGIR
17079,3,15,1979,DGIR
17079,3,16,1627,DGIR
17079,3,17,2116,DGIR
17079,3,18,2047,DGIR
17079,3,19,1618,DGIR
17079,3,20,1424,DGIR
17079,4,1,1409,DGIR
17079,4,2,869,DGIR
17079,5,1,1449,DGIR
17079,5,2,881,DGIR
17079,5,3,1888,DGIR
17079,5,4,866,DGIR
17079,5,5,1220,DGIR
17079,5,6,1263,DGIR
17079,6,1,2023,DGIR
17079,6,2,2651,DGIR
17079,6,3,2030,DGIR
17079,6,4,1622,DGIR
17079,6,5,1227,DGIR
17080,1,1,196
17081,1,1,421
17082,1,1,588
17083,1,1,1125
17083,1,2,1987
17083,1,3,1220
17084,1,1,314
17085,1,1,382
17086,1,1,2146
17086,1,2,1194
17087,1,1,327
17088,1,1,845
17089,1,1,2218
17089,1,2,1870
17089,1,3,2689
17089,1,4,2074
17090,1,1,730
17091,1,1,535
17092,1,1,1456
17092,1,2,2238
17092,1,3,1148
17093,1,1,1252
17094,1,1,1504,DPUI
17095,1,1,3162,DLDM
17095,1,2,2603,DLDM
17095,1,3,2075,DLDM
17095,1,4,3187,DLDM
17095,2,1,2866,DLDM
17095,2,2,2439,DLDM
17095,2,3,2981,DLDM
17095,3,1,2081,DLDM
17095,3,2,3313,DLDM
17095,3,3,2935,DLDM
17095,3,4,2498,DLDM
17095,4,1,2715,DLDM
17095,4,2,2457,DLDM
17095,4,3,1786,DLDM
17095,4,4,1304,DLDM
17096,1,1,209
17097,1,1,296
17098,1,1,469
17099,1,1,97
17100,1,1,284
17101,1,1,803
17102,1,1,729
17103,1,1,1492
17103,1,2,2628
17103,1,3,1670
17103,1,4,1559
17105,1,1,349
17106,1,1,197
17107,1,1,347
17109,1,1,951
17110,1,1,1672,DPAM
17111,1,1,1434
17112,1,1,240
17114,1,1,2181,DOLO
17114,1,2,1224,DOLO
17114,1,3,1211,DOLO
17114,1,4,850,DOLO
17114,1,5,805,DOLO
17114,1,6,903,DOLO
17114,1,7,1732,DOLO
17114,2,1,2263,DOLO
17114,2,2,2281,DOLO
17114,2,3,1869,DOLO
17114,2,4,1449,DOLO
17114,2,5,1268,DOLO
17114,3,1,959,DOLO
17114,3,2,1846,DOLO
17114,3,3,2344,DOLO
17114,4,1,2320,DOLO
17114,4,2,3606,DOLO
17114,5,1,1528,DOLO
17114,5,2,1308,DOLO
17114,5,3,2495,DOLO
17114,5,4,1857,DOLO
17115,1,1,369
17116,1,1,426
17117,1,1,2312,DPAM
17117,1,2,2119,DPAM
17117,1,3,2130,DPAM
17117,1,4,1779,DPAM
17117,1,5,1576,DPAM
17117,2,1,2414,DPAM
17117,2,2,2917,DPAM
17117,2,3,2536,DPAM
17117,3,1,1576,DPAM
17117,3,2,2138,DPAM
17117,3,3,1549,DPAM
17118,1,1,1836,DPAM
17118,1,2,2019,DPAM
17118,1,3,1467,DPAM
17118,1,4,890,DPAM
17118,2,1,1375,DPAM
17118,2,2,1683,DPAM
17118,3,1,1824,DPAM
17118,3,2,1580,DPAM
17118,3,3,2004,DPAM
17118,4,1,2097,DPAM
17118,4,2,1421,DPAM
17119,1,1,111
17120,1,1,1490
17121,1,1,323
17123,1,1,446,DBAY
17124,1,1,2516
17125,1,1,166
17126,1,1,413
17128,1,1,588
17129,1,1,187
17130,1,1,448
17132,1,1,1945
17133,1,1,1711
17134,1,1,311
17135,1,1,518
17136,1,1,264
17137,1,1,760,DBAY
17137,1,2,2327,DBAY
17137,1,3,1614,DBAY
17138,1,1,1095
17139,1,1,1875,DOLO
17140,1,1,1010
17141,1,1,1242,DPUI
17141,1,2,2098,DPUI
17141,1,3,2079,DPUI
17141,1,4,2927,DPUI
17141,1,5,1172,DPUI
17142,1,1,1428
17142,1,2,2428
17143,1,1,206
17144,1,1,282
17145,1,1,777
17145,1,2,1010
17146,1,1,1979
17146,1,2,2289
17147,1,1,1584,DRIP
17147,2,1,749,DRIP
17147,2,2,806,DRIP
17147,3,1,1423,DRIP
17147,3,2,923,DRIP
17147,3,3,2062,DRIP
17147,3,4,1936,DRIP
17147,4,1,1238,DRIP
17148,1,1,2283
17149,1,1,511
17150,1,1,2076
17151,1,1,244
17152,1,1,2255,DRSS
17152,1,2,1663,DRSS
17152,1,3,2306,DRSS
17152,1,4,1676,DRSS
17152,1,5,1367,DRSS
17152,1,6,2470,DRSS
17152,2,1,1650,DRSS
17152,2,2,2472,DRSS
17152,2,3,1238,DRSS
17152,2,4,1206,DRSS
17152,2,5,1618,DRSS
17153,1,1,296
17154,1,1,164
17155,1,1,1520,DGIR
17155,1,2,1300,DGIR
17155,1,3,4251,DGIR
17155,1,4,2678,DGIR
17155,1,5,3467,DGIR
17155,1,6,2740,DGIR
17155,1,8,1555,DGIR
17155,1,9,799,DGIR
17155,2,1,2230,DGIR
17155,2,2,2161,DGIR
17155,2,3,2066,DGIR
17155,2,4,2926,DGIR
17155,2,5,1022,DGIR
17155,2,6,1718,DGIR
17155,2,7,1797,DGIR
17157,1,1,156
17158,1,1,712
17159,1,1,808
17160,1,1,1489,DCPA
17160,1,2,2120,DCPA
17160,2,1,1425,DCPA
17160,2,2,2399,DCPA
17160,2,3,2478,DCPA
17160,2,4,1169,DCPA
17160,2,5,2283,DCPA
17160,3,1,2429,DCPA
17160,3,2,1506,DCPA
17160,3,3,1949,DCPA
17160,4,1,1916,DCPA
17160,4,2,1047,DCPA
17161,1,1,1456
17162,1,1,247
17163,1,1,2743,D???
17163,1,2,1269,D???
17164,1,1,1757
17164,1,2,1328
17164,1,3,2673
17165,1,1,852
17166,1,1,796
17167,1,1,756
17167,1,2,1730
17167,1,3,764
17168,1,1,501
17169,1,1,1325,DGIR
17169,1,2,863,DGIR
17169,1,3,1424,D???
17170,1,1,213
17171,1,1,267
17172,1,1,663
17173,1,1,244
17174,1,1,243
17175,1,1,755
17176,1,1,157
17177,1,1,725
17178,1,1,2083
17180,1,1,2647
17180,1,2,1739
17180,1,3,2544
17180,1,4,2869
17180,1,5,1866
17180,1,6,1794
17181,1,1,2720,DCPA
17181,1,2,2688,DCPA
17182,1,1,378
17183,1,1,353
17184,1,1,1585,D???
17185,1,1,1066,D???
17185,1,2,854,DOLO
17185,1,3,1130,D???
17186,1,1,1413,DGIR
17186,1,2,2278,DGIR
17186,1,3,1540,DGIR
17187,1,1,865
17188,1,1,212
17189,1,1,1014
17189,1,2,959
17190,1,1,1143
17191,1,1,235
17192,1,1,185
17193,1,1,2251
17193,1,2,2179
17193,1,3,1919
17194,1,1,99
17195,1,1,466
17196,1,1,334
17197,1,1,160
17198,1,1,726
17199,1,1,1797
17199,1,2,966
17199,1,3,3191
17199,1,4,2082
17199,1,5,1296
17199,1,6,1482
17199,1,7,1209
17200,1,1,816
17201,1,1,178
17202,1,1,1501
17202,1,2,1823
17202,1,3,2606
17203,1,1,226
17204,1,1,1167
17205,1,1,258
17206,1,1,210
17207,1,1,1506,DOLO
17207,1,2,1609,D???
17208,1,1,1315,DOLO
17209,1,1,918,DPAM
17210,1,1,914
17211,1,1,1183
17212,1,1,186
17213,1,1,2228
17213,1,2,1378
17213,1,3,2230
17213,1,4,2237
17214,1,1,969
17215,1,1,1531,DGIR
17215,1,2,1694,DGIR
17216,1,1,214
17217,1,1,471
17218,1,1,835
17220,1,1,1102
17221,1,1,1299,DFIG
17221,1,2,1060,DFIG
17221,1,3,1723,DFIG
17221,1,4,1398,DFIG
17222,1,1,162
17223,1,1,1124
17224,1,1,386
17225,1,1,371
17226,1,1,1154
17227,1,1,205
17228,1,1,399
17230,1,1,761
17232,1,1,230
17233,1,1,931
17233,1,2,2379
17234,1,1,244
17901,1,1,1327
17902,1,1,993
17902,1,2,715
17903,1,1,1314
25001,1,1,171
25002,1,1,588
25003,1,1,865
25003,1,2,911
25003,1,3,2047
25003,1,4,1641
25004,1,1,773
25005,1,1,322,DMOF
25006,1,1,357
25007,1,1,2224
25008,1,1,1561
25009,1,1,749
25010,1,1,233
25011,1,1,2787,DALC
25011,1,2,2735,DALC
25011,1,3,1853,DALC
25011,1,4,2303,DALC
25012,1,1,1953
25012,1,2,1539
25013,1,1,1484
25013,1,2,1275
25014,1,1,301
25015,1,1,423
25016,1,1,1469
25016,1,2,1596
25017,1,1,279
25019,1,1,1183
25019,1,2,1980
25019,2,1,1404
25019,2,2,2308
25020,1,1,310
25021,1,1,717
25021,2,1,1365
25021,2,2,1283
25022,1,1,122
25023,1,1,2364,DLLE
25023,1,2,2288,DLLE
25023,1,3,1622,DLLE
25024,1,1,430
25025,1,1,1941
25027,1,1,1356
25029,1,1,1073
25029,1,2,1068
25030,1,1,174
25031,1,1,67
25032,1,1,85
25033,1,1,1525
25034,1,1,2163
25034,1,2,1278
25035,1,1,426
25036,1,1,207
25037,1,1,447
25038,1,1,1149,DAIT
25038,1,2,1344,DAIT
25039,1,1,342
25040,1,1,1564,DBAL
25040,1,2,1296,DBAL
25040,2,1,1468,DBAL
25040,3,1,3309,DBAL
25040,3,2,1436,DBAL
25040,4,1,2032,DBAL
25040,4,2,2016,DBAL
25040,4,3,1857,DBAL
25040,4,4,2431,DBAL
25041,1,1,943
25042,1,1,229
25043,1,1,1060
25044,1,1,224
25045,1,1,66
25046,1,1,521
25047,1,1,1225
25048,1,1,1112
25048,1,2,1217
25049,1,1,182
25050,1,1,2284
25050,1,2,1763
25050,1,3,1104
25051,1,1,2135
25052,1,1,2258
25053,1,1,1533
25055,1,1,178
25056,1,1,261
25057,1,1,285
25058,1,1,893,DBBL
25058,1,2,1604,DBBL
25058,2,1,2242,DBBL
25058,2,2,1456,DBBL
25059,1,1,1120
25060,1,1,60
25061,1,1,94
25062,1,1,807
25063,1,1,89
25064,1,1,136
25067,1,1,900
25068,1,1,692
25069,1,1,529
25070,1,1,976
25071,1,1,46
25072,1,1,1110,DCER
25072,2,1,1650,DCER
25072,2,2,2236,DCER
25072,2,3,1296,DCER
25072,3,1,3036,DCER
25073,1,1,665
25074,1,1,202
25075,1,1,158
25076,1,1,143
25077,1,1,548
25078,1,1,1499
25079,1,1,357
25081,1,1,328
25082,1,1,366
25085,1,1,172
25086,1,1,832
25087,1,1,64
25088,1,1,129
25089,1,1,116
25092,1,1,145
25093,1,1,781,DFON
25094,1,1,195
25096,1,1,1247
25097,1,1,101
25098,1,1,262
25099,1,1,1855,DFON
25100,1,1,232
25101,1,1,705
25102,1,1,931
25103,1,1,145
25104,1,1,159
25105,1,1,154
25109,1,1,263
25110,1,1,2544
25110,1,2,2122
25110,1,3,2625
25111,1,1,126
25112,1,1,335
25113,1,1,706
25113,1,2,847
25114,1,1,110
25115,1,1,1060
25118,1,1,397
25119,1,1,1901
25119,1,2,1668
25120,1,1,2318,DLLE
25120,1,3,1666,DLLE
25120,1,4,2611,DLLE
25120,1,5,2220,DLLE
25120,1,6,1712,DLLE
25120,1,7,3071,DLLE
25120,1,8,2721,DLLE
25120,1,9,1532,DLLE
25120,1,10,1787,DLLE
25120,1,11,1487,DLLE
25120,1,12,1564,DLLE
25120,1,13,2111,DLLE
25120,1,14,1811,DLLE
25120,2,2,1605,DLLE
25120,2,3,1467,DLLE
25120,2,4,3349,DLLE
25120,2,5,3019,DLLE
25120,2,6,1132,DLLE
25120,2,7,2015,DLLE
25120,2,8,1220,DLLE
25120,2,9,2129,DLLE
25120,3,1,1326,DLLE
25120,3,3,1791,DLLE
25120,3,4,1290,DLLE
25120,3,5,587,DLLE
25120,3,6,1591,DLLE
25120,3,7,858,DLLE
25120,3,8,1085,DLLE
25120,4,1,2872,DLLE
25120,4,3,1963,DLLE
25120,4,4,1105,DLLE
25120,4,5,860,DLLE
25120,4,6,1367,DLLE
25120,4,7,1170,DLLE
25120,4,8,1300,DLLE
25120,4,10,1756,DLLE
25120,4,11,2370,DLLE
25120,4,13,1486,DLLE
25120,4,14,1922,DLLE
25120,4,15,1330,DLLE
25120,4,16,1479,DLLE
25120,4,17,1414,DLLE
25120,5,2,1326,DLLE
25120,5,3,1422,DLLE
25120,5,4,1094,DLLE
25120,5,5,1175,DLLE
25120,5,6,1476,DLLE
25120,5,7,965,DLLE
25120,5,8,1104,DLLE
25120,5,9,961,DLLE
25120,5,10,924,DLLE
25120,5,11,1676,DLLE
25120,5,12,899,DLLE
25120,6,1,2386,DLLE
25120,6,2,1898,DLLE
25120,6,3,2159,DLLE
25120,6,4,2158,DLLE
25120,6,5,677,DLLE
25120,6,6,1782,DLLE
25120,6,7,2725,DLLE
25120,6,9,2818,DLLE
25120,6,10,1709,DLLE
25120,6,11,1385,DLLE
25120,6,12,1436,DLLE
25120,6,13,1128,DLLE
25120,6,14,2532,DLLE
25120,6,16,920,DLLE
25120,6,17,2194,DLLE
25120,7,1,2900,DLLE
25120,7,2,1773,DLLE
25120,7,3,1929,DLLE
25120,7,4,2815,DLLE
25120,7,5,2493,DLLE
25120,7,6,2495,DLLE
25120,7,7,2316,DLLE
25120,8,1,1253,DLLE
25120,8,2,2209,DLLE
25120,8,3,1029,DLLE
25120,8,4,1009,DLLE
25120,9,1,1885,DLLE
25120,9,2,1576,DLLE
25121,1,1,966
25122,1,1,1249
25122,1,2,1475
25123,1,1,244
25124,1,1,187
25125,1,1,429
25126,1,1,345
25127,1,1,288
25128,1,1,155
25129,1,1,187
25130,1,1,237
25131,1,1,599
25132,1,1,223
25133,1,1,926
25134,1,1,789
25135,1,1,1366,DFON
25136,1,1,102
25137,1,1,2635,DFON
25137,1,2,2996,DFON
25137,1,3,1598,DFON
25137,1,4,2703,DFON
25137,1,5,2433,DFON
25137,1,6,2180,DFON
25138,1,1,655
25139,1,1,596
25140,1,1,1081,DMOF
25141,1,1,191
25142,1,1,493
25143,1,1,91
25145,1,1,88
25146,1,1,293
25148,1,1,253
25149,1,1,1857
25150,1,1,201
25151,1,1,962,DSOL
25152,1,1,169
25153,1,1,202
25154,1,1,127
25155,1,1,766
25156,1,1,1000
25157,1,1,196
25158,1,1,2205,DFON
25161,1,1,421
25163,1,1,277
25164,1,1,443
25165,1,1,348
25166,1,1,188
25167,1,1,290
25168,1,1,667
25169,1,1,198
25170,1,1,292
25171,1,1,1439
25171,1,2,1611
25172,1,1,992
25172,1,2,1637
25173,1,1,1671,DPSU
25173,1,2,660,DPSU
25174,1,1,727
25175,1,1,251
25176,1,1,391
25177,1,1,421
25179,1,1,246
25180,1,1,265
25181,1,1,230
25182,1,1,1384
25183,1,1,658
25185,1,1,947,DMOF
25186,1,1,281
25189,1,1,3186
25190,1,1,343
25191,1,1,396
25192,1,1,1059
25193,1,1,985
25194,1,1,497
25196,1,1,122
25197,1,1,184
25200,1,1,357
25201,1,1,120
25202,1,1,150
25203,1,1,836,DMOF
25203,1,2,1605,DMOF
25203,1,3,1891,DMOF
25203,1,4,2506,DMOF
25203,1,5,1863,DMOF
25203,1,6,1375,DMOF
25203,1,7,2176,DMOF
25204,1,1,986,DAIT
25204,1,2,937,DAIT
25205,1,1,755
25206,1,1,337
25207,1,1,2120,DSOL
25207,1,2,2047,DSOL
25207,1,3,1484,DSOL
25207,2,1,1913,DSOL
25207,2,2,1611,DSOL
25208,1,1,431
25209,1,1,2181,DSOR
25210,1,1,1781,DTSE
25211,1,1,844
25212,1,1,334
25215,1,1,489,DTRP
25216,1,1,287
25217,1,1,2661,DTRG
25217,1,2,1358,DTRG
25217,2,1,1848,DTRG
25217,2,2,2069,DTRG
25217,2,3,2132,DTRG
25217,3,1,1924,DTRG
25217,3,2,1100,DTRG
25217,3,3,1789,DTRG
25217,4,1,928,DTRG
25217,4,2,1840,DTRG
25218,1,1,105
25219,1,1,187
25220,1,1,1330
25221,1,1,131
25222,1,1,73
25223,1,1,1209
25224,1,1,145
25225,1,1,826
25226,1,1,298
25227,1,1,765
25228,1,1,1955
25228,1,2,2747
25230,1,1,2157
25231,1,1,759
25232,1,1,2381,DTSE
25233,1,1,383
25234,1,1,941,DTRP
25234,1,2,1040,DTRP
25234,2,1,1654,DTRP
25234,2,2,1691,DTRP
25234,3,1,567,D???
25238,1,1,236
25239,1,1,800,DMOF
25240,1,1,1912
25242,1,1,880
25243,1,1,1810,DVIE
25243,1,2,2085,DVIE
25243,1,3,1779,DVIE
25244,1,1,587
25245,1,1,554
25247,1,1,164
25248,1,1,1178,DFON
25249,1,1,194
25250,1,1,427
25251,1,1,1000
25252,1,1,761
25253,1,1,192
25254,1,1,1127
25255,1,1,464
25901,1,1,382
25902,1,1,649
25903,1,1,300
25904,1,1,169
25905,1,1,431
25906,1,1,264
25907,1,1,602
25908,1,1,260
25909,1,1,156
25910,1,1,100
25911,1,1,503
25912,1,1,1118
25913,1,1,93
43001,1,1,960
43002,1,1,2504,DVEN
43003,1,1,515
43004,1,1,1555
43004,1,2,1650
43004,1,3,2718
43004,1,4,1824
43004,2,1,1168
43004,2,2,664
43005,1,1,2684
43005,2,1,2501
43006,1,1,911
43007,1,1,912
43008,1,1,376
43009,1,1,1843
43010,1,1,478
43011,1,1,1322,DRUS
43012,1,1,1493
43012,1,2,1558
43012,1,3,2461
43013,1,1,2099
43013,1,2,1507
43013,1,3,3525
43014,1,1,851,DAMP
43014,1,2,1362,DAMP
43014,2,1,999,DAMP
43014,2,2,903,DAMP
43014,3,1,1106,DAMP
43014,3,2,2083,DAMP
43014,4,1,1454,DAMP
43014,4,2,1672,DAMP
43014,4,3,2417,DAMP
43014,4,4,2923,DAMP
43014,4,5,2975,DAMP
43014,4,6,2572,DAMP
43015,1,1,126
43016,1,1,2538
43016,1,2,3087
43017,1,1,126
43018,1,1,441
43019,1,1,1611
43020,1,1,1942,DVEN
43020,1,2,1338,DVEN
43021,1,1,472
43022,1,1,1011
43022,1,2,868
43023,1,1,281
43024,1,1,2303
43025,1,1,741
43026,1,1,1129
43027,1,1,218
43028,1,1,1756,DVEN
43028,1,2,2074,DVEN
43029,1,1,398
43030,1,1,727
43031,1,1,2104
43032,1,1,566
43033,1,1,1094
43034,1,1,695
43035,1,1,312
43036,1,1,1230
43037,1,1,2970
43037,1,2,2880
43037,1,3,1951
43037,2,1,2694
43037,2,2,2554
43037,2,3,1464
43037,3,1,2841
43037,3,2,2818
43037,3,3,2891
43037,3,4,4128
43037,4,1,1272
43038,1,1,2492
43038,1,2,2756
43038,1,3,2963
43038,1,4,1192
43038,1,5,1886
43038,1,6,2058
43038,2,1,1941
43038,2,2,1765
43038,2,3,2579
43038,2,4,1338
43038,2,5,2128
43038,2,6,3486
43038,2,7,2815
43038,2,8,1303
43038,2,9,2607
43038,2,10,1755
43039,1,1,125
43040,1,1,394
43041,1,1,226
43042,1,1,1047,DRUS
43042,1,2,1826,DRUS
43043,1,1,2826
43043,1,2,1914
43044,1,1,2050
43044,2,1,2450
43044,2,2,1030
43045,1,1,167
43046,1,1,106
43047,1,1,2171,DTAR
43047,1,2,1699,DTAR
43047,2,1,2854,DTAR
43048,1,1,981
43049,1,1,965
43050,1,1,1905
43050,1,2,2007
43051,1,1,2683
43051,1,2,2847
43051,1,3,2981
43051,1,4,2484
43051,1,5,3086
43052,1,1,1159
43053,1,1,234
43054,1,1,2156
43054,2,1,1561
43055,1,1,1098,DFAL
43055,2,1,1626,DFAL
43056,1,1,917
43057,1,1,41
43058,1,1,117
43059,1,1,336
43060,1,1,1178
43060,1,2,1262
43060,2,1,1011
43061,1,1,48
43062,1,1,391
43063,1,1,723
43064,1,1,1875,DGAN
43064,2,1,1223,DGAN
43065,1,1,535
43066,1,1,198
43067,1,1,787
43068,1,1,614
43069,1,1,237
43070,1,1,276
43071,1,1,1138
43072,1,1,111
43073,1,1,92
43074,1,1,2381
43075,1,1,104
43076,1,1,612
43077,1,1,572
43078,1,1,1109
43079,1,1,508
43080,1,1,283
43081,1,1,826
43082,1,1,499
43083,1,1,191
43084,1,1,685
43085,1,1,298
43086,1,1,1420,DMOB
43086,2,1,1939,DMOB
43086,2,2,2650,DMOB
43086,2,3,1424,DMOB
43088,1,1,1413
43088,1,2,1572
43089,1,1,397
43090,1,1,1730
43091,1,1,169
43092,1,1,1680
43092,1,2,1094
43092,1,3,1453
43092,1,4,1254
43092,1,5,1972
43092,1,6,1530
43092,1,7,1817
43092,1,8,1889
43093,1,1,1790,DMLN
43093,1,2,2306,DMLN
43093,2,1,1489,DMLN
43094,1,1,1808,DMLN
43094,2,1,1312,DMLN
43095,1,1,2047
43095,1,2,1685
43096,1,1,163
43097,1,1,616
43098,1,1,516
43099,1,1,334
43100,1,1,1707,DTAR
43100,1,2,1719,DTAR
43100,1,3,1446,DTAR
43101,1,1,167
43102,1,1,563
43103,1,1,1275
43104,1,1,974
43104,1,2,1872
43105,1,1,218
43106,1,1,998
43107,1,1,498
43108,1,1,2340
43109,1,1,2971
43109,1,2,1054
43110,1,1,341
43111,1,1,1092
43111,1,2,1907
43112,1,1,328
43113,1,1,493
43114,1,1,428
43115,1,1,164
43116,1,1,602
43117,1,1,186
43118,1,1,680
43119,1,1,1196
43120,1,1,544
43121,1,1,846
43122,1,1,155
43123,1,1,1289,DRUS
43123,1,2,1924,DRUS
43123,1,3,1591,DRUS
43123,2,1,965,DRUS
43123,2,2,2106,DRUS
43123,2,3,989,DRUS
43123,2,4,1917,DRUS
43123,2,6,2254,DRUS
43123,2,7,1853,DRUS
43123,2,8,1143,DRUS
43123,2,9,907,DRUS
43123,2,10,1830,DRUS
43123,2,11,1166,DRUS
43123,2,12,1246,DRUS
43123,2,13,1098,DRUS
43123,2,14,729,DRUS
43123,2,15,988,DRUS
43123,3,1,1257,DRUS
43123,3,3,1216,DRUS
43123,3,4,1377,DRUS
43123,3,5,1784,DRUS
43123,3,7,1929,DRUS
43123,3,8,1662,DRUS
43123,3,9,1408,DRUS
43123,3,10,1636,DRUS
43123,3,11,2487,DRUS
43123,3,12,1388,DRUS
43123,3,13,1300,DRUS
43123,4,2,1398,DRUS
43123,4,3,2308,DRUS
43123,4,4,1647,DRUS
43123,4,5,762,DRUS
43123,4,7,1673,DRUS
43123,4,8,1542,DRUS
43123,5,1,2015,DRUS
43123,5,2,1949,DRUS
43123,5,3,1315,DRUS
43123,5,4,1723,DRUS
43123,5,5,2150,DRUS
43123,5,7,1703,DRUS
43123,6,1,975,DRUS
43123,6,2,1293,DRUS
43123,6,3,2003,DRUS
43123,6,4,1723,DRUS
43123,6,5,2229,DRUS
43123,6,6,2586,DRUS
43123,6,7,1460,DRUS
43123,6,8,1255,DRUS
43123,6,9,1944,DRUS
43123,6,11,1647,DRUS
43123,6,12,1253,DRUS
43123,6,13,931,DRUS
43123,7,1,2127,DRUS
43123,7,2,2192,DRUS
43123,7,3,2438,DRUS
43123,7,5,2044,DRUS
43123,8,1,1232,DRUS
43123,8,2,1427,DRUS
43123,8,3,1528,DRUS
43123,8,4,1136,DRUS
43123,8,5,1354,DRUS
43123,8,6,1970,DRUS
43123,8,7,2982,DRUS
43123,9,1,1499,DRUS
43123,9,2,739,DRUS
43123,10,1,2493,DRUS
43124,1,1,575
43125,1,1,1117
43126,1,1,1737
43127,1,1,1194
43128,1,1,1225
43129,1,1,1400
43129,2,1,888
43129,2,2,2479
43129,2,3,1850
43130,1,1,230
43131,1,1,2912
43131,1,2,2097
43131,1,3,2118
43132,1,1,507
43133,1,1,1404,DTOT
43133,1,2,1793,DTOT
43133,2,1,2412,DTOT
43133,2,2,2550,DTOT
43134,1,1,402
43135,1,1,544
43136,1,1,2844
43136,1,2,1728
43136,1,3,1060
43136,1,4,2067
43136,1,5,1423
43136,2,1,796
43136,2,2,753
43136,2,3,1522
43136,2,4,1094
43136,2,5,1644
43137,1,1,2666
43138,1,1,1975
43138,2,1,1787
43139,1,1,1586
43139,2,1,1116
43140,1,1,1586,DVEN
43140,1,2,1864,DVEN
43141,1,1,138
43142,1,1,1549
43143,1,1,53
43144,1,1,1728
43145,1,1,2630
43145,2,1,1679
43145,2,2,1385
43146,1,1,42
43147,1,1,640
43148,1,1,1567,DTAR
43148,2,1,1166,DTAR
43148,3,1,1051,DTAR
43148,3,2,1847,DTAR
43148,3,3,2120,DTAR
43148,4,1,1537,DTAR
43148,4,2,893,DTAR
43148,4,3,888,DTAR
43148,4,4,1095,DTAR
43148,4,5,958,DTAR
43148,4,6,1382,DTAR
43148,4,7,850,DTAR
43148,4,8,1493,DTAR
43148,4,9,1698,DTAR
43148,4,10,1288,DTAR
43148,4,12,657,DTAR
43148,4,14,1526,DTAR
43148,4,15,840,DTAR
43148,4,16,1664,DTAR
43148,5,1,1031,DTAR
43148,5,2,1236,DTAR
43148,5,3,2055,DTAR
43148,5,4,1370,DTAR
43148,5,5,1873,DTAR
43148,5,6,1373,DTAR
43148,5,7,1046,DTAR
43148,5,8,1591,DTAR
43148,6,1,1568,DTAR
43148,6,2,2606,DTAR
43148,6,3,2535,DTAR
43148,6,4,1150,DTAR
43148,6,5,1407,DTAR
43148,6,6,1150,DTAR
43148,6,8,1727,DTAR
43148,6,9,2057,DTAR
43148,6,10,1576,DTAR
43148,6,11,1494,DTAR
43148,6,12,1812,DTAR
43148,6,13,874,DTAR
43148,6,15,1719,DTAR
43148,6,16,2542,DTAR
43148,7,1,1903,DTAR
43148,7,2,2778,DTAR
43148,7,3,2221,DTAR
43148,7,4,2857,DTAR
43148,7,5,1484,DTAR
43148,7,6,1482,DTAR
43148,7,7,1835,DTAR
43148,7,8,2725,DTAR
43148,7,10,1578,DTAR
43148,7,11,1774,DTAR
43148,7,12,2127,DTAR
43148,7,13,2469,DTAR
43148,7,14,1002,DTAR
43148,7,15,1304,DTAR
43148,7,16,2666,DTAR
43148,7,17,1878,DTAR
43148,7,18,1814,DTAR
43148,7,19,2664,DTAR
43148,7,20,1656,DTAR
43148,7,21,2050,DTAR
43148,7,22,1506,DTAR
43148,7,23,1718,DTAR
43148,8,1,2117,DTAR
43148,8,2,1446,DTAR
43148,8,3,2287,DTAR
43148,8,4,1113,DTAR
43148,8,5,1620,DTAR
43148,8,6,1868,DTAR
43148,8,7,1641,DTAR
43148,8,8,1578,DTAR
43148,8,9,2924,DTAR
43148,8,10,1602,DTAR
43148,8,11,1316,DTAR
43148,8,12,873,DTAR
43148,8,13,1135,DTAR
43148,8,14,1103,DTAR
43148,9,1,1642,DTAR
43148,9,2,1236,DTAR
43148,9,3,1235,DTAR
43148,9,4,1547,DTAR
43148,9,8,926,DTAR
43148,9,9,991,DTAR
43148,9,10,1433,DTAR
43149,1,1,900
43150,1,1,1639
43151,1,1,128
43152,1,1,598
43153,1,1,2679
43153,1,2,1593
43153,1,3,2053
43153,1,4,2154
43153,1,5,1989
43153,1,6,2933
43153,1,7,2088
43153,1,8,1568
43154,1,1,141
43155,1,1,1400,DTOT
43155,1,2,700,DTOT
43155,1,3,1164,DTOT
43155,1,4,1912,DTOT
43155,1,5,1308,DTOT
43155,1,6,1125,DTOT
43155,1,7,2730,DTOT
43155,2,2,1944,DTOT
43155,2,3,1652,DTOT
43155,2,4,802,DTOT
43155,2,5,1236,DTOT
43155,3,1,2429,DTOT
43155,3,2,1135,DTOT
43155,3,4,1786,DTOT
43155,4,1,1554,DTOT
43155,4,2,1360,DTOT
43155,4,3,2006,DTOT
43155,4,4,844,DTOT
43155,4,5,1518,DTOT
43155,4,6,1375,DTOT
43155,4,7,1046,DTOT
43155,4,8,777,DTOT
43155,4,9,1769,DTOT
43156,1,1,1890
43156,1,2,2433
43156,2,1,1994
43157,1,1,400
43158,1,1,91
43159,1,1,77
43160,1,1,1793
43161,1,1,1039,DVAL
43161,2,1,884,DVAL
43161,3,1,1974,DVAL
43161,4,1,1203,DVAL
43161,4,2,1689,DVAL
43161,4,3,1706,DVAL
43161,5,1,2024,DVAL
43161,5,2,2401,DVAL
43161,5,3,1392,DVAL
43161,6,1,2152,DVAL
43161,6,2,2250,DVAL
43161,6,3,1689,DVAL
43161,6,4,1239,DVAL
43161,6,5,1647,DVAL
43161,6,6,1264,DVAL
43162,1,1,966
43162,1,2,1436
43162,1,3,2772
43162,1,4,1471
43163,1,1,1451,DVEN
43163,1,2,1489,DVEN
43163,1,3,1806,DVEN
43163,2,1,1435,DVEN
43163,2,2,2308,DVEN
43163,2,3,2859,DVEN
43163,2,4,2512,DVEN
43163,2,5,2508,DVEN
43163,3,1,1526,DVEN
43163,3,2,2400,DVEN
43163,3,3,2215,DVEN
43163,3,4,1712,DVEN
43163,3,5,1257,DVEN
43163,3,6,2020,DVEN
43163,3,7,1372,DVEN
43163,3,8,2290,DVEN
43163,3,9,2147,DVEN
43163,3,10,872,DVEN
43163,3,11,1344,DVEN
43163,3,12,2167,DVEN
43163,3,13,1201,DVEN
43164,1,1,458
43165,1,1,705
43166,1,1,2385
43167,1,1,582
43168,1,1,108
43169,1,1,536
43170,1,1,1299
43171,1,1,2612,DVLC
43171,1,2,2305,DVLC
43171,1,3,1315,DVLC
43171,1,4,939,DVLC
43171,1,5,1525,DVLC
43171,1,6,1529,DVLC
43171,1,7,2267,DVLC
43171,1,8,3378,DVLC
43171,1,9,1646,DVLC
43171,1,10,1521,DVLC
43171,1,11,2716,DVLC
43171,1,12,769,DVLC
43172,1,1,445
43173,1,1,131
43174,1,1,208
43175,1,1,630
43176,1,1,880
43177,1,1,427
43178,1,1,2193
43901,1,1,2080
43901,1,2,2493
43901,1,3,1228
43901,1,4,1911
43901,1,5,1681
43901,1,6,2146
43902,1,1,1438
43902,1,2,2114
43903,1,1,2330
43903,1,2,890
43904,1,1,2413
43904,1,2,1747
43905,1,1,3383,DVLC
43905,1,2,3249,DVLC
43905,1,3,1371,DVLC
43905,1,4,1907,DVLC
43905,1,5,1323,DVLC
43905,1,6,4558,DVLC
43905,1,7,3076,DVLC
43905,1,8,1959,DVLC
43905,1,9,1254,DVLC
43905,1,10,2172,DVLC
43905,1,11,2642,DVLC
43905,1,12,1618,DVLC
43906,1,1,1850
43906,1,2,1594
43907,1,1,1516
43907,1,2,1520
43907,1,3,1244
43907,1,4,1653
