"","codi_edar","condicio","casos_prevalents","poblacio_prevalent","poblacio_real","perc_censat","prev"
"1","DABR","Alzheimer",46,24316,27490,88.4539832666424,0.189175851291331
"2","DABR","Arthritis",428,24316,27490,88.4539832666424,1.76015792071064
"3","DABR","Asthma",1166,24316,27490,88.4539832666424,4.7951965783846
"4","DABR","Atherosclerosis",100,24316,27490,88.4539832666424,0.411251850633328
"5","DABR","Atrial fibrillation",445,24316,27490,88.4539832666424,1.83007073531831
"6","DABR","Bipolar disorder",62,24316,27490,88.4539832666424,0.254976147392663
"7","DABR","Breast cancer",241,24316,27490,88.4539832666424,0.99111696002632
"8","DABR","Colon cancer",210,24316,27490,88.4539832666424,0.863628886329989
"9","DABR","Depression",1539,24316,27490,88.4539832666424,6.32916598124692
"10","DABR","Diabetes",1866,24316,27490,88.4539832666424,7.6739595328179
"11","DABR","Heart failure",300,24316,27490,88.4539832666424,1.23375555189998
"12","DABR","HIV",18,24316,27490,88.4539832666424,0.074025333113999
"13","DABR","IBS/IBD",291,24316,27490,88.4539832666424,1.19674288534298
"14","DABR","Kidney diseases",904,24316,27490,88.4539832666424,3.71771672972528
"15","DABR","Lung cancer",42,24316,27490,88.4539832666424,0.172725777265998
"16","DABR","Mania",8,24316,27490,88.4539832666424,0.0329001480506662
"17","DABR","Obesity",4785,24316,27490,88.4539832666424,19.6784010528047
"18","DABR","Psoriasis",498,24316,27490,88.4539832666424,2.04803421615397
"19","DABR","Schizophrenia",75,24316,27490,88.4539832666424,0.308438887974996
"20","DABR","Schizophrenia disorder",16,24316,27490,88.4539832666424,0.0658002961013325
"21","DABR","Thyroid cancer",23,24316,27490,88.4539832666424,0.0945879256456654
"22","DABR","Thyroid function",2023,24316,27490,88.4539832666424,8.31962493831222
"23","DAIT","Alzheimer",23,2951,3565,82.7769985974755,0.779396814639105
"24","DAIT","Arthritis",65,2951,3565,82.7769985974755,2.20264317180617
"25","DAIT","Asthma",153,2951,3565,82.7769985974755,5.18468315825144
"26","DAIT","Atherosclerosis",33,2951,3565,82.7769985974755,1.11826499491698
"27","DAIT","Atrial fibrillation",88,2951,3565,82.7769985974755,2.98203998644527
"28","DAIT","Bipolar disorder",5,2951,3565,82.7769985974755,0.169434090138936
"29","DAIT","Breast cancer",18,2951,3565,82.7769985974755,0.609962724500169
"30","DAIT","Colon cancer",40,2951,3565,82.7769985974755,1.35547272111149
"31","DAIT","Depression",229,2951,3565,82.7769985974755,7.76008132836327
"32","DAIT","Diabetes",284,2951,3565,82.7769985974755,9.62385631989156
"33","DAIT","Heart failure",46,2951,3565,82.7769985974755,1.55879362927821
"34","DAIT","HIV",1,2951,3565,82.7769985974755,0.0338868180277872
"35","DAIT","IBS/IBD",30,2951,3565,82.7769985974755,1.01660454083362
"36","DAIT","Kidney diseases",120,2951,3565,82.7769985974755,4.06641816333446
"37","DAIT","Lung cancer",6,2951,3565,82.7769985974755,0.203320908166723
"38","DAIT","Mania",2,2951,3565,82.7769985974755,0.0677736360555744
"39","DAIT","Obesity",646,2951,3565,82.7769985974755,21.8908844459505
"40","DAIT","Psoriasis",54,2951,3565,82.7769985974755,1.82988817350051
"41","DAIT","Schizophrenia",16,2951,3565,82.7769985974755,0.542189088444595
"42","DAIT","Schizophrenia disorder",4,2951,3565,82.7769985974755,0.135547272111149
"43","DAIT","Thyroid cancer",4,2951,3565,82.7769985974755,0.135547272111149
"44","DAIT","Thyroid function",209,2951,3565,82.7769985974755,7.08234496780752
"45","DALC","Alzheimer",63,9246,9514,97.1830985915493,0.681375730045425
"46","DALC","Arthritis",154,9246,9514,97.1830985915493,1.66558511788882
"47","DALC","Asthma",364,9246,9514,97.1830985915493,3.93683755137357
"48","DALC","Atherosclerosis",228,9246,9514,97.1830985915493,2.46593121349773
"49","DALC","Atrial fibrillation",163,9246,9514,97.1830985915493,1.76292450789531
"50","DALC","Bipolar disorder",20,9246,9514,97.1830985915493,0.216309755569976
"51","DALC","Breast cancer",45,9246,9514,97.1830985915493,0.486696950032446
"52","DALC","Colon cancer",49,9246,9514,97.1830985915493,0.529958901146442
"53","DALC","Depression",424,9246,9514,97.1830985915493,4.5857668180835
"54","DALC","Diabetes",629,9246,9514,97.1830985915493,6.80294181267575
"55","DALC","Heart failure",82,9246,9514,97.1830985915493,0.886869997836902
"56","DALC","HIV",6,9246,9514,97.1830985915493,0.0648929266709929
"57","DALC","IBS/IBD",62,9246,9514,97.1830985915493,0.670560242266926
"58","DALC","Kidney diseases",318,9246,9514,97.1830985915493,3.43932511356262
"59","DALC","Lung cancer",13,9246,9514,97.1830985915493,0.140601341120485
"60","DALC","Mania",2,9246,9514,97.1830985915493,0.0216309755569976
"61","DALC","Obesity",2571,9246,9514,97.1830985915493,27.8066190785204
"62","DALC","Psoriasis",146,9246,9514,97.1830985915493,1.57906121566083
"63","DALC","Schizophrenia",22,9246,9514,97.1830985915493,0.237940731126974
"64","DALC","Schizophrenia disorder",4,9246,9514,97.1830985915493,0.0432619511139952
"65","DALC","Thyroid cancer",8,9246,9514,97.1830985915493,0.0865239022279905
"66","DALC","Thyroid function",584,9246,9514,97.1830985915493,6.31624486264331
"67","DAMP","Alzheimer",72,14248,14319,99.5041553181088,0.505334081976418
"68","DAMP","Arthritis",187,14248,14319,99.5041553181088,1.31246490735542
"69","DAMP","Asthma",730,14248,14319,99.5041553181088,5.12352610892757
"70","DAMP","Atherosclerosis",36,14248,14319,99.5041553181088,0.252667040988209
"71","DAMP","Atrial fibrillation",287,14248,14319,99.5041553181088,2.01431779898933
"72","DAMP","Bipolar disorder",26,14248,14319,99.5041553181088,0.182481751824818
"73","DAMP","Breast cancer",125,14248,14319,99.5041553181088,0.877316114542392
"74","DAMP","Colon cancer",96,14248,14319,99.5041553181088,0.673778775968557
"75","DAMP","Depression",790,14248,14319,99.5041553181088,5.54463784390792
"76","DAMP","Diabetes",977,14248,14319,99.5041553181088,6.85710275126333
"77","DAMP","Heart failure",132,14248,14319,99.5041553181088,0.926445816956766
"78","DAMP","HIV",14,14248,14319,99.5041553181088,0.0982594048287479
"79","DAMP","IBS/IBD",95,14248,14319,99.5041553181088,0.666760247052218
"80","DAMP","Kidney diseases",490,14248,14319,99.5041553181088,3.43907916900618
"81","DAMP","Lung cancer",20,14248,14319,99.5041553181088,0.140370578326783
"82","DAMP","Mania",2,14248,14319,99.5041553181088,0.0140370578326783
"83","DAMP","Obesity",2441,14248,14319,99.5041553181088,17.1322290847838
"84","DAMP","Psoriasis",280,14248,14319,99.5041553181088,1.96518809657496
"85","DAMP","Schizophrenia",56,14248,14319,99.5041553181088,0.393037619314992
"86","DAMP","Schizophrenia disorder",1,14248,14319,99.5041553181088,0.00701852891633914
"87","DAMP","Thyroid cancer",10,14248,14319,99.5041553181088,0.0701852891633914
"88","DAMP","Thyroid function",868,14248,14319,99.5041553181088,6.09208309938237
"89","DBAL","Alzheimer",75,16024,15380,104.187256176853,0.468047928107838
"90","DBAL","Arthritis",263,16024,15380,104.187256176853,1.64128806789815
"91","DBAL","Asthma",1003,16024,15380,104.187256176853,6.25936095856216
"92","DBAL","Atherosclerosis",372,16024,15380,104.187256176853,2.32151772341488
"93","DBAL","Atrial fibrillation",313,16024,15380,104.187256176853,1.95332001997004
"94","DBAL","Bipolar disorder",36,16024,15380,104.187256176853,0.224663005491762
"95","DBAL","Breast cancer",131,16024,15380,104.187256176853,0.817523714428357
"96","DBAL","Colon cancer",147,16024,15380,104.187256176853,0.917373939091363
"97","DBAL","Depression",745,16024,15380,104.187256176853,4.64927608587119
"98","DBAL","Diabetes",1299,16024,15380,104.187256176853,8.10659011482776
"99","DBAL","Heart failure",177,16024,15380,104.187256176853,1.1045931103345
"100","DBAL","HIV",9,16024,15380,104.187256176853,0.0561657513729406
"101","DBAL","IBS/IBD",91,16024,15380,104.187256176853,0.567898152770844
"102","DBAL","Kidney diseases",566,16024,15380,104.187256176853,3.53220169745382
"103","DBAL","Lung cancer",25,16024,15380,104.187256176853,0.156015976035946
"104","DBAL","Mania",4,16024,15380,104.187256176853,0.0249625561657514
"105","DBAL","Obesity",3416,16024,15380,104.187256176853,21.3180229655517
"106","DBAL","Psoriasis",349,16024,15380,104.187256176853,2.17798302546181
"107","DBAL","Schizophrenia",73,16024,15380,104.187256176853,0.455566650024963
"108","DBAL","Schizophrenia disorder",6,16024,15380,104.187256176853,0.0374438342486271
"109","DBAL","Thyroid cancer",10,16024,15380,104.187256176853,0.0624063904143784
"110","DBAL","Thyroid function",1110,16024,15380,104.187256176853,6.927109335996
"111","DBAY","Alzheimer",117,20755,22231,93.3606225540911,0.563719585642014
"112","DBAY","Arthritis",407,20755,22231,93.3606225540911,1.96097325945555
"113","DBAY","Asthma",909,20755,22231,93.3606225540911,4.37966754998796
"114","DBAY","Atherosclerosis",27,20755,22231,93.3606225540911,0.130089135148157
"115","DBAY","Atrial fibrillation",404,20755,22231,93.3606225540911,1.94651891110576
"116","DBAY","Bipolar disorder",52,20755,22231,93.3606225540911,0.250542038063117
"117","DBAY","Breast cancer",191,20755,22231,93.3606225540911,0.920260178270296
"118","DBAY","Colon cancer",170,20755,22231,93.3606225540911,0.81907973982173
"119","DBAY","Depression",1174,20755,22231,93.3606225540911,5.65646832088653
"120","DBAY","Diabetes",1357,20755,22231,93.3606225540911,6.53818357022404
"121","DBAY","Heart failure",172,20755,22231,93.3606225540911,0.828715972054927
"122","DBAY","HIV",10,20755,22231,93.3606225540911,0.0481811611659841
"123","DBAY","IBS/IBD",407,20755,22231,93.3606225540911,1.96097325945555
"124","DBAY","Kidney diseases",816,20755,22231,93.3606225540911,3.9315827511443
"125","DBAY","Lung cancer",43,20755,22231,93.3606225540911,0.207178993013732
"126","DBAY","Mania",10,20755,22231,93.3606225540911,0.0481811611659841
"127","DBAY","Obesity",3717,20755,22231,93.3606225540911,17.9089376053963
"128","DBAY","Psoriasis",420,20755,22231,93.3606225540911,2.02360876897133
"129","DBAY","Schizophrenia",61,20755,22231,93.3606225540911,0.293905083112503
"130","DBAY","Schizophrenia disorder",13,20755,22231,93.3606225540911,0.0626355095157793
"131","DBAY","Thyroid cancer",29,20755,22231,93.3606225540911,0.139725367381354
"132","DBAY","Thyroid function",1834,20755,22231,93.3606225540911,8.83642495784148
"133","DBBL","Alzheimer",25,5123,6087,84.1629702644981,0.487995315244974
"134","DBBL","Arthritis",111,5123,6087,84.1629702644981,2.16669919968768
"135","DBBL","Asthma",274,5123,6087,84.1629702644981,5.34842865508491
"136","DBBL","Atherosclerosis",289,5123,6087,84.1629702644981,5.6412258442319
"137","DBBL","Atrial fibrillation",129,5123,6087,84.1629702644981,2.51805582666406
"138","DBBL","Bipolar disorder",8,5123,6087,84.1629702644981,0.156158500878392
"139","DBBL","Breast cancer",59,5123,6087,84.1629702644981,1.15166894397814
"140","DBBL","Colon cancer",47,5123,6087,84.1629702644981,0.917431192660551
"141","DBBL","Depression",266,5123,6087,84.1629702644981,5.19227015420652
"142","DBBL","Diabetes",459,5123,6087,84.1629702644981,8.95959398789772
"143","DBBL","Heart failure",51,5123,6087,84.1629702644981,0.995510443099746
"144","DBBL","HIV",4,5123,6087,84.1629702644981,0.0780792504391958
"145","DBBL","IBS/IBD",39,5123,6087,84.1629702644981,0.761272691782159
"146","DBBL","Kidney diseases",183,5123,6087,84.1629702644981,3.57212570759321
"147","DBBL","Lung cancer",10,5123,6087,84.1629702644981,0.195198126097989
"148","DBBL","Mania",2,5123,6087,84.1629702644981,0.0390396252195979
"149","DBBL","Obesity",1226,5123,6087,84.1629702644981,23.9312902596135
"150","DBBL","Psoriasis",108,5123,6087,84.1629702644981,2.10813976185829
"151","DBBL","Schizophrenia",23,5123,6087,84.1629702644981,0.448955690025376
"152","DBBL","Thyroid cancer",9,5123,6087,84.1629702644981,0.175678313488191
"153","DBBL","Thyroid function",314,5123,6087,84.1629702644981,6.12922115947687
"154","DBER","Alzheimer",50,11741,13310,88.2118707738542,0.425858104079721
"155","DBER","Arthritis",272,11741,13310,88.2118707738542,2.31666808619368
"156","DBER","Asthma",625,11741,13310,88.2118707738542,5.32322630099651
"157","DBER","Atherosclerosis",18,11741,13310,88.2118707738542,0.153308917468699
"158","DBER","Atrial fibrillation",295,11741,13310,88.2118707738542,2.51256281407035
"159","DBER","Bipolar disorder",69,11741,13310,88.2118707738542,0.587684183630014
"160","DBER","Breast cancer",129,11741,13310,88.2118707738542,1.09871390852568
"161","DBER","Colon cancer",109,11741,13310,88.2118707738542,0.928370666893791
"162","DBER","Depression",830,11741,13310,88.2118707738542,7.06924452772336
"163","DBER","Diabetes",917,11741,13310,88.2118707738542,7.81023762882208
"164","DBER","Heart failure",117,11741,13310,88.2118707738542,0.996507963546546
"165","DBER","HIV",5,11741,13310,88.2118707738542,0.0425858104079721
"166","DBER","IBS/IBD",179,11741,13310,88.2118707738542,1.5245720126054
"167","DBER","Kidney diseases",620,11741,13310,88.2118707738542,5.28064049058854
"168","DBER","Lung cancer",23,11741,13310,88.2118707738542,0.195894727876672
"169","DBER","Obesity",1768,11741,13310,88.2118707738542,15.0583425602589
"170","DBER","Psoriasis",212,11741,13310,88.2118707738542,1.80563836129802
"171","DBER","Schizophrenia",49,11741,13310,88.2118707738542,0.417340941998126
"172","DBER","Schizophrenia disorder",6,11741,13310,88.2118707738542,0.0511029724895665
"173","DBER","Thyroid cancer",16,11741,13310,88.2118707738542,0.136274593305511
"174","DBER","Thyroid function",1160,11741,13310,88.2118707738542,9.87990801464952
"175","DBLN","Alzheimer",112,30042,23886,125.772418990203,0.372811397377006
"176","DBLN","Arthritis",635,30042,23886,125.772418990203,2.11370747619999
"177","DBLN","Asthma",1752,30042,23886,125.772418990203,5.83183543039744
"178","DBLN","Atherosclerosis",70,30042,23886,125.772418990203,0.233007123360628
"179","DBLN","Atrial fibrillation",546,30042,23886,125.772418990203,1.8174555622129
"180","DBLN","Bipolar disorder",88,30042,23886,125.772418990203,0.292923240796219
"181","DBLN","Breast cancer",296,30042,23886,125.772418990203,0.985287264496372
"182","DBLN","Colon cancer",227,30042,23886,125.772418990203,0.755608814326609
"183","DBLN","Depression",1880,30042,23886,125.772418990203,6.25790559882831
"184","DBLN","Diabetes",2210,30042,23886,125.772418990203,7.35636775181413
"185","DBLN","Heart failure",326,30042,23886,125.772418990203,1.08514746022236
"186","DBLN","HIV",38,30042,23886,125.772418990203,0.126489581252913
"187","DBLN","IBS/IBD",345,30042,23886,125.772418990203,1.14839225084881
"188","DBLN","Kidney diseases",1099,30042,23886,125.772418990203,3.65821183676187
"189","DBLN","Lung cancer",66,30042,23886,125.772418990203,0.219692430597164
"190","DBLN","Mania",17,30042,23886,125.772418990203,0.056587444244724
"191","DBLN","Obesity",6784,30042,23886,125.772418990203,22.5817189268358
"192","DBLN","Psoriasis",821,30042,23886,125.772418990203,2.73284068970109
"193","DBLN","Schizophrenia",110,30042,23886,125.772418990203,0.366154050995273
"194","DBLN","Schizophrenia disorder",16,30042,23886,125.772418990203,0.0532587710538579
"195","DBLN","Thyroid cancer",44,30042,23886,125.772418990203,0.146461620398109
"196","DBLN","Thyroid function",2893,30042,23886,125.772418990203,9.62985154117569
"197","DBSS","Alzheimer",5634,950973,1027136,92.5849157268366,0.59244584231098
"198","DBSS","Arthritis",17348,950973,1027136,92.5849157268366,1.82423686056281
"199","DBSS","Asthma",53536,950973,1027136,92.5849157268366,5.62960252288971
"200","DBSS","Atherosclerosis",4032,950973,1027136,92.5849157268366,0.423986800887091
"201","DBSS","Atrial fibrillation",23924,950973,1027136,92.5849157268366,2.515739142962
"202","DBSS","Bipolar disorder",2950,950973,1027136,92.5849157268366,0.310208596879196
"203","DBSS","Breast cancer",11317,950973,1027136,92.5849157268366,1.19004430199385
"204","DBSS","Colon cancer",10209,950973,1027136,92.5849157268366,1.07353205611516
"205","DBSS","Depression",63242,950973,1027136,92.5849157268366,6.65024138435055
"206","DBSS","Diabetes",73993,950973,1027136,92.5849157268366,7.78076769792623
"207","DBSS","Heart failure",11920,950973,1027136,92.5849157268366,1.25345304230509
"208","DBSS","HIV",1773,950973,1027136,92.5849157268366,0.186440624497225
"209","DBSS","IBS/IBD",9511,950973,1027136,92.5849157268366,1.00013354742984
"210","DBSS","Kidney diseases",35527,950973,1027136,92.5849157268366,3.73585790553465
"211","DBSS","Lung cancer",2758,950973,1027136,92.5849157268366,0.290018749217906
"212","DBSS","Mania",276,950973,1027136,92.5849157268366,0.0290229060131045
"213","DBSS","Obesity",181181,950973,1027136,92.5849157268366,19.0521707766677
"214","DBSS","Psoriasis",21536,950973,1027136,92.5849157268366,2.2646279126747
"215","DBSS","Schizophrenia",4288,950973,1027136,92.5849157268366,0.450906597768811
"216","DBSS","Schizophrenia disorder",770,950973,1027136,92.5849157268366,0.0809697015582987
"217","DBSS","Thyroid cancer",1277,950973,1027136,92.5849157268366,0.134283518038893
"218","DBSS","Thyroid function",76710,950973,1027136,92.5849157268366,8.0664750734248
"219","DCER","Alzheimer",22,7291,8058,90.4815090593199,0.301741873542724
"220","DCER","Arthritis",141,7291,8058,90.4815090593199,1.93389109861473
"221","DCER","Asthma",359,7291,8058,90.4815090593199,4.923878754629
"222","DCER","Atherosclerosis",70,7291,8058,90.4815090593199,0.960087779454121
"223","DCER","Atrial fibrillation",125,7291,8058,90.4815090593199,1.71444246331093
"224","DCER","Bipolar disorder",11,7291,8058,90.4815090593199,0.150870936771362
"225","DCER","Breast cancer",48,7291,8058,90.4815090593199,0.658345905911398
"226","DCER","Colon cancer",63,7291,8058,90.4815090593199,0.864079001508709
"227","DCER","Depression",451,7291,8058,90.4815090593199,6.18570840762584
"228","DCER","Diabetes",542,7291,8058,90.4815090593199,7.4338225209162
"229","DCER","Heart failure",36,7291,8058,90.4815090593199,0.493759429433548
"230","DCER","HIV",3,7291,8058,90.4815090593199,0.0411466191194623
"231","DCER","IBS/IBD",53,7291,8058,90.4815090593199,0.726923604443835
"232","DCER","Kidney diseases",240,7291,8058,90.4815090593199,3.29172952955699
"233","DCER","Lung cancer",7,7291,8058,90.4815090593199,0.0960087779454122
"234","DCER","Mania",2,7291,8058,90.4815090593199,0.0274310794129749
"235","DCER","Obesity",1535,7291,8058,90.4815090593199,21.0533534494582
"236","DCER","Psoriasis",121,7291,8058,90.4815090593199,1.65958030448498
"237","DCER","Schizophrenia",33,7291,8058,90.4815090593199,0.452612810314086
"238","DCER","Schizophrenia disorder",3,7291,8058,90.4815090593199,0.0411466191194623
"239","DCER","Thyroid cancer",2,7291,8058,90.4815090593199,0.0274310794129749
"240","DCER","Thyroid function",611,7291,8058,90.4815090593199,8.38019476066383
"241","DCPA","Alzheimer",113,19355,22777,84.9760723536901,0.583828468096099
"242","DCPA","Arthritis",411,19355,22777,84.9760723536901,2.12348230431413
"243","DCPA","Asthma",1079,19355,22777,84.9760723536901,5.57478687677603
"244","DCPA","Atherosclerosis",33,19355,22777,84.9760723536901,0.170498579178507
"245","DCPA","Atrial fibrillation",431,19355,22777,84.9760723536901,2.22681477654353
"246","DCPA","Bipolar disorder",47,19355,22777,84.9760723536901,0.242831309739086
"247","DCPA","Breast cancer",171,19355,22777,84.9760723536901,0.883492637561354
"248","DCPA","Colon cancer",159,19355,22777,84.9760723536901,0.821493154223715
"249","DCPA","Depression",923,19355,22777,84.9760723536901,4.76879359338672
"250","DCPA","Diabetes",1413,19355,22777,84.9760723536901,7.30043916300697
"251","DCPA","Heart failure",197,19355,22777,84.9760723536901,1.01782485145957
"252","DCPA","HIV",15,19355,22777,84.9760723536901,0.0774993541720486
"253","DCPA","IBS/IBD",223,19355,22777,84.9760723536901,1.15215706535779
"254","DCPA","Kidney diseases",660,19355,22777,84.9760723536901,3.40997158357014
"255","DCPA","Lung cancer",33,19355,22777,84.9760723536901,0.170498579178507
"256","DCPA","Mania",8,19355,22777,84.9760723536901,0.0413329888917592
"257","DCPA","Obesity",3906,19355,22777,84.9760723536901,20.1808318264014
"258","DCPA","Psoriasis",520,19355,22777,84.9760723536901,2.68664427796435
"259","DCPA","Schizophrenia",63,19355,22777,84.9760723536901,0.325497287522604
"260","DCPA","Schizophrenia disorder",9,19355,22777,84.9760723536901,0.0464996125032291
"261","DCPA","Thyroid cancer",23,19355,22777,84.9760723536901,0.118832343063808
"262","DCPA","Thyroid function",1688,19355,22777,84.9760723536901,8.7212606561612
"263","DFAL","Alzheimer",31,2441,1790,136.368715083799,1.26997132322819
"264","DFAL","Arthritis",78,2441,1790,136.368715083799,3.19541171650963
"265","DFAL","Asthma",122,2441,1790,136.368715083799,4.99795165915608
"266","DFAL","Atherosclerosis",5,2441,1790,136.368715083799,0.204834084391643
"267","DFAL","Atrial fibrillation",64,2441,1790,136.368715083799,2.62187628021303
"268","DFAL","Bipolar disorder",6,2441,1790,136.368715083799,0.245800901269971
"269","DFAL","Breast cancer",35,2441,1790,136.368715083799,1.4338385907415
"270","DFAL","Colon cancer",23,2441,1790,136.368715083799,0.942236788201557
"271","DFAL","Depression",197,2441,1790,136.368715083799,8.07046292503072
"272","DFAL","Diabetes",201,2441,1790,136.368715083799,8.23433019254404
"273","DFAL","Heart failure",41,2441,1790,136.368715083799,1.67963949201147
"274","DFAL","HIV",1,2441,1790,136.368715083799,0.0409668168783286
"275","DFAL","IBS/IBD",38,2441,1790,136.368715083799,1.55673904137648
"276","DFAL","Kidney diseases",156,2441,1790,136.368715083799,6.39082343301926
"277","DFAL","Lung cancer",6,2441,1790,136.368715083799,0.245800901269971
"278","DFAL","Mania",2,2441,1790,136.368715083799,0.0819336337566571
"279","DFAL","Obesity",444,2441,1790,136.368715083799,18.1892666939779
"280","DFAL","Psoriasis",83,2441,1790,136.368715083799,3.40024580090127
"281","DFAL","Schizophrenia",11,2441,1790,136.368715083799,0.450634985661614
"282","DFAL","Schizophrenia disorder",4,2441,1790,136.368715083799,0.163867267513314
"283","DFAL","Thyroid function",172,2441,1790,136.368715083799,7.04629250307251
"284","DFIG","Alzheimer",103,44822,45919,97.6110106927416,0.229797867118826
"285","DFIG","Arthritis",619,44822,45919,97.6110106927416,1.38101824996653
"286","DFIG","Asthma",2158,44822,45919,97.6110106927416,4.81459997322743
"287","DFIG","Atherosclerosis",74,44822,45919,97.6110106927416,0.165097496764981
"288","DFIG","Atrial fibrillation",1078,44822,45919,97.6110106927416,2.40506893936014
"289","DFIG","Bipolar disorder",118,44822,45919,97.6110106927416,0.263263575922538
"290","DFIG","Breast cancer",330,44822,45919,97.6110106927416,0.736245593681674
"291","DFIG","Colon cancer",340,44822,45919,97.6110106927416,0.758556066217483
"292","DFIG","Depression",2411,44822,45919,97.6110106927416,5.37905492838338
"293","DFIG","Diabetes",3064,44822,45919,97.6110106927416,6.83592878497167
"294","DFIG","Heart failure",362,44822,45919,97.6110106927416,0.807639105796261
"295","DFIG","HIV",48,44822,45919,97.6110106927416,0.10709026817188
"296","DFIG","IBS/IBD",403,44822,45919,97.6110106927416,0.899112043193075
"297","DFIG","Kidney diseases",1543,44822,45919,97.6110106927416,3.44250591227522
"298","DFIG","Lung cancer",90,44822,45919,97.6110106927416,0.200794252822275
"299","DFIG","Mania",12,44822,45919,97.6110106927416,0.02677256704297
"300","DFIG","Obesity",9960,44822,45919,97.6110106927416,22.2212306456651
"301","DFIG","Psoriasis",873,44822,45919,97.6110106927416,1.94770425237607
"302","DFIG","Schizophrenia",137,44822,45919,97.6110106927416,0.305653473740574
"303","DFIG","Schizophrenia disorder",16,44822,45919,97.6110106927416,0.0356967560572933
"304","DFIG","Thyroid cancer",41,44822,45919,97.6110106927416,0.0914729373968141
"305","DFIG","Thyroid function",3797,44822,45919,97.6110106927416,8.47128642184641
"306","DFON","Alzheimer",76,19892,13373,148.747476258132,0.38206314096119
"307","DFON","Arthritis",508,19892,13373,148.747476258132,2.55379046853006
"308","DFON","Asthma",1125,19892,13373,148.747476258132,5.65553991554394
"309","DFON","Atherosclerosis",130,19892,13373,148.747476258132,0.653529056907299
"310","DFON","Atrial fibrillation",371,19892,13373,148.747476258132,1.8650713854816
"311","DFON","Bipolar disorder",42,19892,13373,148.747476258132,0.211140156846974
"312","DFON","Breast cancer",150,19892,13373,148.747476258132,0.754071988739192
"313","DFON","Colon cancer",153,19892,13373,148.747476258132,0.769153428513976
"314","DFON","Depression",1403,19892,13373,148.747476258132,7.05308666800724
"315","DFON","Diabetes",1377,19892,13373,148.747476258132,6.92238085662578
"316","DFON","Heart failure",169,19892,13373,148.747476258132,0.849587773979489
"317","DFON","HIV",15,19892,13373,148.747476258132,0.0754071988739192
"318","DFON","IBS/IBD",198,19892,13373,148.747476258132,0.995375025135733
"319","DFON","Kidney diseases",589,19892,13373,148.747476258132,2.96098934244923
"320","DFON","Lung cancer",37,19892,13373,148.747476258132,0.186004423889001
"321","DFON","Mania",5,19892,13373,148.747476258132,0.0251357329579731
"322","DFON","Obesity",3330,19892,13373,148.747476258132,16.7403981500101
"323","DFON","Psoriasis",332,19892,13373,148.747476258132,1.66901266840941
"324","DFON","Schizophrenia",63,19892,13373,148.747476258132,0.31671023527046
"325","DFON","Schizophrenia disorder",7,19892,13373,148.747476258132,0.0351900261411623
"326","DFON","Thyroid cancer",24,19892,13373,148.747476258132,0.120651518198271
"327","DFON","Thyroid function",1433,19892,13373,148.747476258132,7.20390106575508
"328","DGIR","Alzheimer",571,117767,113477,103.78050177569,0.484855689624428
"329","DGIR","Arthritis",1703,117767,113477,103.78050177569,1.44607572579755
"330","DGIR","Asthma",5896,117767,113477,103.78050177569,5.00649587745294
"331","DGIR","Atherosclerosis",160,117767,113477,103.78050177569,0.135861489211749
"332","DGIR","Atrial fibrillation",2133,117767,113477,103.78050177569,1.81120347805412
"333","DGIR","Bipolar disorder",349,117767,113477,103.78050177569,0.296347873343127
"334","DGIR","Breast cancer",1105,117767,113477,103.78050177569,0.938293409868639
"335","DGIR","Colon cancer",897,117767,113477,103.78050177569,0.761673473893366
"336","DGIR","Depression",4705,117767,113477,103.78050177569,3.99517691713298
"337","DGIR","Diabetes",7110,117767,113477,103.78050177569,6.03734492684708
"338","DGIR","Heart failure",880,117767,113477,103.78050177569,0.747238190664617
"339","DGIR","HIV",100,117767,113477,103.78050177569,0.0849134307573429
"340","DGIR","IBS/IBD",1952,117767,113477,103.78050177569,1.65751016838333
"341","DGIR","Kidney diseases",3471,117767,113477,103.78050177569,2.94734518158737
"342","DGIR","Lung cancer",258,117767,113477,103.78050177569,0.219076651353945
"343","DGIR","Mania",35,117767,113477,103.78050177569,0.02971970076507
"344","DGIR","Obesity",22066,117767,113477,103.78050177569,18.7369976309153
"345","DGIR","Psoriasis",2454,117767,113477,103.78050177569,2.08377559078519
"346","DGIR","Schizophrenia",401,117767,113477,103.78050177569,0.340502857336945
"347","DGIR","Schizophrenia disorder",81,117767,113477,103.78050177569,0.0687798789134477
"348","DGIR","Thyroid cancer",152,117767,113477,103.78050177569,0.129068414751161
"349","DGIR","Thyroid function",9333,117767,113477,103.78050177569,7.92497049258281
"350","DGRA","Alzheimer",296,85858,85444,100.484527877908,0.344755293624356
"351","DGRA","Arthritis",1431,85858,85444,100.484527877908,1.66670549046099
"352","DGRA","Asthma",4517,85858,85444,100.484527877908,5.26101236926087
"353","DGRA","Atherosclerosis",349,85858,85444,100.484527877908,0.406485126604393
"354","DGRA","Atrial fibrillation",1577,85858,85444,100.484527877908,1.83675370961355
"355","DGRA","Bipolar disorder",219,85858,85444,100.484527877908,0.255072328728831
"356","DGRA","Breast cancer",683,85858,85444,100.484527877908,0.795499545761606
"357","DGRA","Colon cancer",657,85858,85444,100.484527877908,0.765216986186494
"358","DGRA","Depression",5412,85858,85444,100.484527877908,6.30343124694263
"359","DGRA","Diabetes",5945,85858,85444,100.484527877908,6.92422371823243
"360","DGRA","Heart failure",875,85858,85444,100.484527877908,1.01912460108551
"361","DGRA","HIV",73,85858,85444,100.484527877908,0.0850241095762771
"362","DGRA","IBS/IBD",479,85858,85444,100.484527877908,0.557897924479955
"363","DGRA","Kidney diseases",3474,85858,85444,100.484527877908,4.04621584476694
"364","DGRA","Lung cancer",139,85858,85444,100.484527877908,0.16189522234387
"365","DGRA","Mania",24,85858,85444,100.484527877908,0.0279531319154884
"366","DGRA","Obesity",17995,85858,85444,100.484527877908,20.9590253674672
"367","DGRA","Psoriasis",1751,85858,85444,100.484527877908,2.03941391600084
"368","DGRA","Schizophrenia",297,85858,85444,100.484527877908,0.345920007454169
"369","DGRA","Schizophrenia disorder",47,85858,85444,100.484527877908,0.0547415500011647
"370","DGRA","Thyroid cancer",87,85858,85444,100.484527877908,0.101330103193645
"371","DGRA","Thyroid function",5866,85858,85444,100.484527877908,6.83221132567728
"372","DGVC","Alzheimer",642,139913,151808,92.1644445615514,0.458856575157419
"373","DGVC","Arthritis",2168,139913,151808,92.1644445615514,1.5495343534911
"374","DGVC","Asthma",8384,139913,151808,92.1644445615514,5.99229521202462
"375","DGVC","Atherosclerosis",610,139913,151808,92.1644445615514,0.435985219386333
"376","DGVC","Atrial fibrillation",2739,139913,151808,92.1644445615514,1.95764510803142
"377","DGVC","Bipolar disorder",366,139913,151808,92.1644445615514,0.2615911316318
"378","DGVC","Breast cancer",1391,139913,151808,92.1644445615514,0.994189246174408
"379","DGVC","Colon cancer",1289,139913,151808,92.1644445615514,0.921286799654071
"380","DGVC","Depression",8639,139913,151808,92.1644445615514,6.17455132832546
"381","DGVC","Diabetes",10897,139913,151808,92.1644445615514,7.78841136992274
"382","DGVC","Heart failure",1258,139913,151808,92.1644445615514,0.899130173750831
"383","DGVC","HIV",175,139913,151808,92.1644445615514,0.125077726873128
"384","DGVC","IBS/IBD",1286,139913,151808,92.1644445615514,0.919142610050531
"385","DGVC","Kidney diseases",5335,139913,151808,92.1644445615514,3.8130838449608
"386","DGVC","Lung cancer",347,139913,151808,92.1644445615514,0.248011264142717
"387","DGVC","Mania",25,139913,151808,92.1644445615514,0.0178682466961612
"388","DGVC","Obesity",27250,139913,151808,92.1644445615514,19.4763888988157
"389","DGVC","Psoriasis",3226,139913,151808,92.1644445615514,2.30571855367264
"390","DGVC","Schizophrenia",457,139913,151808,92.1644445615514,0.326631549605826
"391","DGVC","Schizophrenia disorder",55,139913,151808,92.1644445615514,0.0393101427315546
"392","DGVC","Thyroid cancer",154,139913,151808,92.1644445615514,0.110068399648353
"393","DGVC","Thyroid function",10582,139913,151808,92.1644445615514,7.56327146155111
"394","DIGU","Alzheimer",141,39819,40938,97.2665982705555,0.354102312966172
"395","DIGU","Arthritis",944,39819,40938,97.2665982705555,2.37072754212813
"396","DIGU","Asthma",1966,39819,40938,97.2665982705555,4.93734147015244
"397","DIGU","Atherosclerosis",119,39819,40938,97.2665982705555,0.298852306687762
"398","DIGU","Atrial fibrillation",788,39819,40938,97.2665982705555,1.97895477033577
"399","DIGU","Bipolar disorder",135,39819,40938,97.2665982705555,0.339034129435697
"400","DIGU","Breast cancer",374,39819,40938,97.2665982705555,0.939250106732967
"401","DIGU","Colon cancer",359,39819,40938,97.2665982705555,0.901579647906778
"402","DIGU","Depression",2391,39819,40938,97.2665982705555,6.00467113689445
"403","DIGU","Diabetes",3257,39819,40938,97.2665982705555,8.1795122931264
"404","DIGU","Heart failure",470,39819,40938,97.2665982705555,1.18034104322057
"405","DIGU","HIV",53,39819,40938,97.2665982705555,0.133102287852533
"406","DIGU","IBS/IBD",365,39819,40938,97.2665982705555,0.916647831437254
"407","DIGU","Kidney diseases",1431,39819,40938,97.2665982705555,3.59376177201838
"408","DIGU","Lung cancer",92,39819,40938,97.2665982705555,0.231045480800623
"409","DIGU","Mania",14,39819,40938,97.2665982705555,0.0351590949044426
"410","DIGU","Obesity",8114,39819,40938,97.2665982705555,20.3772068610462
"411","DIGU","Psoriasis",815,39819,40938,97.2665982705555,2.04676159622291
"412","DIGU","Schizophrenia",170,39819,40938,97.2665982705555,0.426931866696803
"413","DIGU","Schizophrenia disorder",13,39819,40938,97.2665982705555,0.0326477309826967
"414","DIGU","Thyroid cancer",20,39819,40938,97.2665982705555,0.050227278434918
"415","DIGU","Thyroid function",2612,39819,40938,97.2665982705555,6.55968256360029
"416","DLLE","Alzheimer",686,123455,113350,108.914865460962,0.555668057186829
"417","DLLE","Arthritis",2417,123455,113350,108.914865460962,1.95779838807663
"418","DLLE","Asthma",6158,123455,113350,108.914865460962,4.98805232675874
"419","DLLE","Atherosclerosis",1400,123455,113350,108.914865460962,1.13401644323843
"420","DLLE","Atrial fibrillation",2686,123455,113350,108.914865460962,2.17569154752744
"421","DLLE","Bipolar disorder",293,123455,113350,108.914865460962,0.237333441334899
"422","DLLE","Breast cancer",1168,123455,113350,108.914865460962,0.946093718358916
"423","DLLE","Colon cancer",1276,123455,113350,108.914865460962,1.03357498683731
"424","DLLE","Depression",6129,123455,113350,108.914865460962,4.9645619861488
"425","DLLE","Diabetes",9118,123455,113350,108.914865460962,7.38568709246284
"426","DLLE","Heart failure",1186,123455,113350,108.914865460962,0.960673929771982
"427","DLLE","HIV",193,123455,113350,108.914865460962,0.156332266817869
"428","DLLE","IBS/IBD",801,123455,113350,108.914865460962,0.648819407881414
"429","DLLE","Kidney diseases",3860,123455,113350,108.914865460962,3.12664533635738
"430","DLLE","Lung cancer",282,123455,113350,108.914865460962,0.228423312138026
"431","DLLE","Mania",29,123455,113350,108.914865460962,0.0234903406099388
"432","DLLE","Obesity",24513,123455,113350,108.914865460962,19.8558179093597
"433","DLLE","Psoriasis",2482,123455,113350,108.914865460962,2.0104491515127
"434","DLLE","Schizophrenia",521,123455,113350,108.914865460962,0.422016119233729
"435","DLLE","Schizophrenia disorder",58,123455,113350,108.914865460962,0.0469806812198777
"436","DLLE","Thyroid cancer",155,123455,113350,108.914865460962,0.125551820501397
"437","DLLE","Thyroid function",9819,123455,113350,108.914865460962,7.95350532582722
"438","DLLL","Alzheimer",422,118890,125032,95.0876575596647,0.35494995373875
"439","DLLL","Arthritis",2040,118890,125032,95.0876575596647,1.71587181428211
"440","DLLL","Asthma",7103,118890,125032,95.0876575596647,5.97443014551266
"441","DLLL","Atherosclerosis",348,118890,125032,95.0876575596647,0.292707544789301
"442","DLLL","Atrial fibrillation",2247,118890,125032,95.0876575596647,1.88998233661368
"443","DLLL","Bipolar disorder",335,118890,125032,95.0876575596647,0.281773067541425
"444","DLLL","Breast cancer",1078,118890,125032,95.0876575596647,0.906720497939272
"445","DLLL","Colon cancer",922,118890,125032,95.0876575596647,0.775506770964757
"446","DLLL","Depression",7104,118890,125032,95.0876575596647,5.97527125914711
"447","DLLL","Diabetes",8816,118890,125032,95.0876575596647,7.41525780132896
"448","DLLL","Heart failure",999,118890,125032,95.0876575596647,0.840272520817562
"449","DLLL","HIV",105,118890,125032,95.0876575596647,0.0883169316174615
"450","DLLL","IBS/IBD",897,118890,125032,95.0876575596647,0.754478930103457
"451","DLLL","Kidney diseases",4423,118890,125032,95.0876575596647,3.72024560518126
"452","DLLL","Lung cancer",227,118890,125032,95.0876575596647,0.190932795020607
"453","DLLL","Mania",43,118890,125032,95.0876575596647,0.0361678862814366
"454","DLLL","Obesity",27163,118890,125032,95.0876575596647,22.8471696526201
"455","DLLL","Psoriasis",2768,118890,125032,95.0876575596647,2.32820254016318
"456","DLLL","Schizophrenia",441,118890,125032,95.0876575596647,0.370931112793338
"457","DLLL","Schizophrenia disorder",56,118890,125032,95.0876575596647,0.0471023635293128
"458","DLLL","Thyroid cancer",129,118890,125032,95.0876575596647,0.10850365884431
"459","DLLL","Thyroid function",8351,118890,125032,95.0876575596647,7.02413996130877
"460","DMAN","Alzheimer",142,21923,25327,86.5597978441979,0.647721570952881
"461","DMAN","Arthritis",473,21923,25327,86.5597978441979,2.15755143000502
"462","DMAN","Asthma",1135,21923,25327,86.5597978441979,5.17721114810929
"463","DMAN","Atherosclerosis",79,21923,25327,86.5597978441979,0.360352141586462
"464","DMAN","Atrial fibrillation",481,21923,25327,86.5597978441979,2.19404278611504
"465","DMAN","Bipolar disorder",88,21923,25327,86.5597978441979,0.401404917210236
"466","DMAN","Breast cancer",196,21923,25327,86.5597978441979,0.894038224695525
"467","DMAN","Colon cancer",165,21923,25327,86.5597978441979,0.752634219769192
"468","DMAN","Depression",1423,21923,25327,86.5597978441979,6.49089996807006
"469","DMAN","Diabetes",1627,21923,25327,86.5597978441979,7.42142954887561
"470","DMAN","Heart failure",297,21923,25327,86.5597978441979,1.35474159558455
"471","DMAN","HIV",12,21923,25327,86.5597978441979,0.0547370341650322
"472","DMAN","IBS/IBD",255,21923,25327,86.5597978441979,1.16316197600693
"473","DMAN","Kidney diseases",1034,21923,25327,86.5597978441979,4.71650777722027
"474","DMAN","Lung cancer",26,21923,25327,86.5597978441979,0.11859690735757
"475","DMAN","Mania",9,21923,25327,86.5597978441979,0.0410527756237741
"476","DMAN","Obesity",4426,21923,25327,86.5597978441979,20.1888427678694
"477","DMAN","Psoriasis",402,21923,25327,86.5597978441979,1.83369064452858
"478","DMAN","Schizophrenia",66,21923,25327,86.5597978441979,0.301053687907677
"479","DMAN","Schizophrenia disorder",10,21923,25327,86.5597978441979,0.0456141951375268
"480","DMAN","Thyroid cancer",24,21923,25327,86.5597978441979,0.109474068330064
"481","DMAN","Thyroid function",1440,21923,25327,86.5597978441979,6.56844409980386
"482","DMAS","Alzheimer",180,47758,51309,93.0791868872907,0.376900205201223
"483","DMAS","Arthritis",1099,47758,51309,93.0791868872907,2.30118514175635
"484","DMAS","Asthma",2509,47758,51309,93.0791868872907,5.25357008249927
"485","DMAS","Atherosclerosis",72,47758,51309,93.0791868872907,0.150760082080489
"486","DMAS","Atrial fibrillation",1019,47758,51309,93.0791868872907,2.1336739394447
"487","DMAS","Bipolar disorder",196,47758,51309,93.0791868872907,0.410402445663554
"488","DMAS","Breast cancer",510,47758,51309,93.0791868872907,1.0678839147368
"489","DMAS","Colon cancer",548,47758,51309,93.0791868872907,1.14745173583483
"490","DMAS","Depression",3287,47758,51309,93.0791868872907,6.88261652498011
"491","DMAS","Diabetes",3740,47758,51309,93.0791868872907,7.83114870806985
"492","DMAS","Heart failure",429,47758,51309,93.0791868872907,0.898278822396248
"493","DMAS","HIV",32,47758,51309,93.0791868872907,0.0670044809246618
"494","DMAS","IBS/IBD",571,47758,51309,93.0791868872907,1.19561120649943
"495","DMAS","Kidney diseases",2684,47758,51309,93.0791868872907,5.62000083755601
"496","DMAS","Lung cancer",109,47758,51309,93.0791868872907,0.228234013149629
"497","DMAS","Mania",12,47758,51309,93.0791868872907,0.0251266803467482
"498","DMAS","Obesity",9467,47758,51309,93.0791868872907,19.8228569035554
"499","DMAS","Psoriasis",1048,47758,51309,93.0791868872907,2.19439675028267
"500","DMAS","Schizophrenia",143,47758,51309,93.0791868872907,0.299426274132083
"501","DMAS","Schizophrenia disorder",38,47758,51309,93.0791868872907,0.0795678210980359
"502","DMAS","Thyroid cancer",51,47758,51309,93.0791868872907,0.10678839147368
"503","DMAS","Thyroid function",3878,47758,51309,93.0791868872907,8.12010553205746
"504","DMAT","Alzheimer",491,103148,117345,87.9014870680472,0.47601504634118
"505","DMAT","Arthritis",1954,103148,117345,87.9014870680472,1.89436537790359
"506","DMAT","Asthma",6359,103148,117345,87.9014870680472,6.16492806452864
"507","DMAT","Atherosclerosis",347,103148,117345,87.9014870680472,0.336409818900997
"508","DMAT","Atrial fibrillation",2255,103148,117345,87.9014870680472,2.18617908248342
"509","DMAT","Bipolar disorder",266,103148,117345,87.9014870680472,0.257881878465894
"510","DMAT","Breast cancer",1002,103148,117345,87.9014870680472,0.971419707604607
"511","DMAT","Colon cancer",935,103148,117345,87.9014870680472,0.906464497615077
"512","DMAT","Depression",5515,103148,117345,87.9014870680472,5.34668631480979
"513","DMAT","Diabetes",7821,103148,117345,87.9014870680472,7.58230891534494
"514","DMAT","Heart failure",965,103148,117345,87.9014870680472,0.935548919998449
"515","DMAT","HIV",130,103148,117345,87.9014870680472,0.12603249699461
"516","DMAT","IBS/IBD",1226,103148,117345,87.9014870680472,1.18858339473378
"517","DMAT","Kidney diseases",4051,103148,117345,87.9014870680472,3.92736650250126
"518","DMAT","Lung cancer",240,103148,117345,87.9014870680472,0.232675379066972
"519","DMAT","Mania",29,103148,117345,87.9014870680472,0.0281149416372591
"520","DMAT","Obesity",20108,103148,117345,87.9014870680472,19.4943188428278
"521","DMAT","Psoriasis",2362,103148,117345,87.9014870680472,2.28991352231745
"522","DMAT","Schizophrenia",376,103148,117345,87.9014870680472,0.364524760538256
"523","DMAT","Schizophrenia disorder",76,103148,117345,87.9014870680472,0.073680536704541
"524","DMAT","Thyroid cancer",101,103148,117345,87.9014870680472,0.0979175553573506
"525","DMAT","Thyroid function",7858,103148,117345,87.9014870680472,7.6181797029511
"526","DMDV","Alzheimer",196,56986,63119,90.2834328807491,0.343944126627593
"527","DMDV","Arthritis",1103,56986,63119,90.2834328807491,1.9355631207665
"528","DMDV","Asthma",3582,56986,63119,90.2834328807491,6.28575439581652
"529","DMDV","Atherosclerosis",213,56986,63119,90.2834328807491,0.373776015161619
"530","DMDV","Atrial fibrillation",1126,56986,63119,90.2834328807491,1.97592391113607
"531","DMDV","Bipolar disorder",147,56986,63119,90.2834328807491,0.257958094970695
"532","DMDV","Breast cancer",523,56986,63119,90.2834328807491,0.917769276664444
"533","DMDV","Colon cancer",521,56986,63119,90.2834328807491,0.914259642719264
"534","DMDV","Depression",3136,56986,63119,90.2834328807491,5.50310602604148
"535","DMDV","Diabetes",4060,56986,63119,90.2834328807491,7.12455690871442
"536","DMDV","Heart failure",614,56986,63119,90.2834328807491,1.07745762117011
"537","DMDV","HIV",51,56986,63119,90.2834328807491,0.0894956656020777
"538","DMDV","IBS/IBD",577,56986,63119,90.2834328807491,1.01252939318429
"539","DMDV","Kidney diseases",2247,56986,63119,90.2834328807491,3.94307373740919
"540","DMDV","Lung cancer",106,56986,63119,90.2834328807491,0.186010599094514
"541","DMDV","Mania",14,56986,63119,90.2834328807491,0.0245674376162566
"542","DMDV","Obesity",12451,56986,63119,90.2834328807491,21.8492261257151
"543","DMDV","Psoriasis",1337,56986,63119,90.2834328807491,2.34619029235251
"544","DMDV","Schizophrenia",137,56986,63119,90.2834328807491,0.240409925244797
"545","DMDV","Schizophrenia disorder",29,56986,63119,90.2834328807491,0.050889692205103
"546","DMDV","Thyroid cancer",75,56986,63119,90.2834328807491,0.131611272944232
"547","DMDV","Thyroid function",3997,56986,63119,90.2834328807491,7.01400343944127
"548","DMIR","Alzheimer",767,151332,150882,100.298246311687,0.506832659318584
"549","DMIR","Arthritis",3223,151332,150882,100.298246311687,2.12975444717575
"550","DMIR","Asthma",9745,151332,150882,100.298246311687,6.43948404831761
"551","DMIR","Atherosclerosis",455,151332,150882,100.298246311687,0.300663441968652
"552","DMIR","Atrial fibrillation",3161,151332,150882,100.298246311687,2.08878492321518
"553","DMIR","Bipolar disorder",381,151332,150882,100.298246311687,0.251764332725398
"554","DMIR","Breast cancer",1553,151332,150882,100.298246311687,1.02622049533476
"555","DMIR","Colon cancer",1323,151332,150882,100.298246311687,0.874236777416541
"556","DMIR","Depression",9829,151332,150882,100.298246311687,6.49499114529643
"557","DMIR","Diabetes",11352,151332,150882,100.298246311687,7.50138767742447
"558","DMIR","Heart failure",1602,151332,150882,100.298246311687,1.05859963523908
"559","DMIR","HIV",142,151332,150882,100.298246311687,0.0938334258451616
"560","DMIR","IBS/IBD",1238,151332,150882,100.298246311687,0.818068881664156
"561","DMIR","Kidney diseases",5018,151332,150882,100.298246311687,3.31588824571142
"562","DMIR","Lung cancer",379,151332,150882,100.298246311687,0.250442735178284
"563","DMIR","Mania",48,151332,150882,100.298246311687,0.0317183411307589
"564","DMIR","Obesity",31199,151332,150882,100.298246311687,20.6162609362197
"565","DMIR","Psoriasis",3609,151332,150882,100.298246311687,2.38482277376893
"566","DMIR","Schizophrenia",588,151332,150882,100.298246311687,0.388549678851796
"567","DMIR","Schizophrenia disorder",101,151332,150882,100.298246311687,0.0667406761293051
"568","DMIR","Thyroid cancer",190,151332,150882,100.298246311687,0.12555176697592
"569","DMIR","Thyroid function",12386,151332,150882,100.298246311687,8.1846536092829
"570","DMLN","Alzheimer",33,6360,7486,84.9585893668181,0.518867924528302
"571","DMLN","Arthritis",182,6360,7486,84.9585893668181,2.86163522012579
"572","DMLN","Asthma",276,6360,7486,84.9585893668181,4.33962264150943
"573","DMLN","Atherosclerosis",7,6360,7486,84.9585893668181,0.110062893081761
"574","DMLN","Atrial fibrillation",124,6360,7486,84.9585893668181,1.94968553459119
"575","DMLN","Bipolar disorder",15,6360,7486,84.9585893668181,0.235849056603774
"576","DMLN","Breast cancer",61,6360,7486,84.9585893668181,0.959119496855346
"577","DMLN","Colon cancer",34,6360,7486,84.9585893668181,0.534591194968553
"578","DMLN","Depression",445,6360,7486,84.9585893668181,6.99685534591195
"579","DMLN","Diabetes",483,6360,7486,84.9585893668181,7.59433962264151
"580","DMLN","Heart failure",29,6360,7486,84.9585893668181,0.455974842767296
"581","DMLN","HIV",6,6360,7486,84.9585893668181,0.0943396226415094
"582","DMLN","IBS/IBD",91,6360,7486,84.9585893668181,1.43081761006289
"583","DMLN","Kidney diseases",157,6360,7486,84.9585893668181,2.4685534591195
"584","DMLN","Lung cancer",7,6360,7486,84.9585893668181,0.110062893081761
"585","DMLN","Mania",3,6360,7486,84.9585893668181,0.0471698113207547
"586","DMLN","Obesity",1064,6360,7486,84.9585893668181,16.7295597484277
"587","DMLN","Psoriasis",143,6360,7486,84.9585893668181,2.24842767295597
"588","DMLN","Schizophrenia",19,6360,7486,84.9585893668181,0.29874213836478
"589","DMLN","Schizophrenia disorder",2,6360,7486,84.9585893668181,0.0314465408805031
"590","DMLN","Thyroid cancer",1,6360,7486,84.9585893668181,0.0157232704402516
"591","DMLN","Thyroid function",382,6360,7486,84.9585893668181,6.0062893081761
"592","DMOB","Alzheimer",30,5198,5943,87.4642436479892,0.577145055790689
"593","DMOB","Arthritis",98,5198,5943,87.4642436479892,1.88534051558292
"594","DMOB","Asthma",206,5198,5943,87.4642436479892,3.9630627164294
"595","DMOB","Atherosclerosis",14,5198,5943,87.4642436479892,0.269334359368988
"596","DMOB","Atrial fibrillation",101,5198,5943,87.4642436479892,1.94305502116199
"597","DMOB","Bipolar disorder",9,5198,5943,87.4642436479892,0.173143516737207
"598","DMOB","Breast cancer",39,5198,5943,87.4642436479892,0.750288572527895
"599","DMOB","Colon cancer",29,5198,5943,87.4642436479892,0.557906887264332
"600","DMOB","Depression",208,5198,5943,87.4642436479892,4.00153905348211
"601","DMOB","Diabetes",387,5198,5943,87.4642436479892,7.44517121969989
"602","DMOB","Heart failure",32,5198,5943,87.4642436479892,0.615621392843401
"603","DMOB","HIV",2,5198,5943,87.4642436479892,0.0384763370527126
"604","DMOB","IBS/IBD",37,5198,5943,87.4642436479892,0.711812235475183
"605","DMOB","Kidney diseases",151,5198,5943,87.4642436479892,2.9049634474798
"606","DMOB","Lung cancer",10,5198,5943,87.4642436479892,0.192381685263563
"607","DMOB","Mania",5,5198,5943,87.4642436479892,0.0961908426317815
"608","DMOB","Obesity",892,5198,5943,87.4642436479892,17.1604463255098
"609","DMOB","Psoriasis",115,5198,5943,87.4642436479892,2.21238938053097
"610","DMOB","Schizophrenia",17,5198,5943,87.4642436479892,0.327048864948057
"611","DMOB","Schizophrenia disorder",4,5198,5943,87.4642436479892,0.0769526741054252
"612","DMOB","Thyroid cancer",5,5198,5943,87.4642436479892,0.0961908426317815
"613","DMOB","Thyroid function",284,5198,5943,87.4642436479892,5.46363986148519
"614","DMOF","Alzheimer",42,10133,10720,94.5242537313433,0.414487318661798
"615","DMOF","Arthritis",305,10133,10720,94.5242537313433,3.00996743313925
"616","DMOF","Asthma",519,10133,10720,94.5242537313433,5.12187900917793
"617","DMOF","Atherosclerosis",70,10133,10720,94.5242537313433,0.690812197769664
"618","DMOF","Atrial fibrillation",264,10133,10720,94.5242537313433,2.60534886015987
"619","DMOF","Bipolar disorder",21,10133,10720,94.5242537313433,0.207243659330899
"620","DMOF","Breast cancer",117,10133,10720,94.5242537313433,1.15464324484358
"621","DMOF","Colon cancer",86,10133,10720,94.5242537313433,0.848712128688444
"622","DMOF","Depression",612,10133,10720,94.5242537313433,6.03967235764334
"623","DMOF","Diabetes",778,10133,10720,94.5242537313433,7.67788414092569
"624","DMOF","Heart failure",110,10133,10720,94.5242537313433,1.08556202506661
"625","DMOF","HIV",12,10133,10720,94.5242537313433,0.118424948189085
"626","DMOF","IBS/IBD",60,10133,10720,94.5242537313433,0.592124740945426
"627","DMOF","Kidney diseases",368,10133,10720,94.5242537313433,3.63169841113195
"628","DMOF","Lung cancer",23,10133,10720,94.5242537313433,0.226981150695747
"629","DMOF","Mania",4,10133,10720,94.5242537313433,0.0394749827296951
"630","DMOF","Obesity",1824,10133,10720,94.5242537313433,18.0005921247409
"631","DMOF","Psoriasis",191,10133,10720,94.5242537313433,1.88493042534294
"632","DMOF","Schizophrenia",36,10133,10720,94.5242537313433,0.355274844567255
"633","DMOF","Schizophrenia disorder",5,10133,10720,94.5242537313433,0.0493437284121188
"634","DMOF","Thyroid cancer",4,10133,10720,94.5242537313433,0.0394749827296951
"635","DMOF","Thyroid function",945,10133,10720,94.5242537313433,9.32596466989046
"636","DMRT","Alzheimer",97,30400,33121,91.7846683373087,0.319078947368421
"637","DMRT","Arthritis",571,30400,33121,91.7846683373087,1.87828947368421
"638","DMRT","Asthma",1122,30400,33121,91.7846683373087,3.69078947368421
"639","DMRT","Atherosclerosis",96,30400,33121,91.7846683373087,0.315789473684211
"640","DMRT","Atrial fibrillation",544,30400,33121,91.7846683373087,1.78947368421053
"641","DMRT","Bipolar disorder",59,30400,33121,91.7846683373087,0.194078947368421
"642","DMRT","Breast cancer",279,30400,33121,91.7846683373087,0.917763157894737
"643","DMRT","Colon cancer",223,30400,33121,91.7846683373087,0.733552631578947
"644","DMRT","Depression",2208,30400,33121,91.7846683373087,7.26315789473684
"645","DMRT","Diabetes",2184,30400,33121,91.7846683373087,7.18421052631579
"646","DMRT","Heart failure",262,30400,33121,91.7846683373087,0.861842105263158
"647","DMRT","HIV",48,30400,33121,91.7846683373087,0.157894736842105
"648","DMRT","IBS/IBD",292,30400,33121,91.7846683373087,0.960526315789474
"649","DMRT","Kidney diseases",1133,30400,33121,91.7846683373087,3.72697368421053
"650","DMRT","Lung cancer",51,30400,33121,91.7846683373087,0.167763157894737
"651","DMRT","Mania",10,30400,33121,91.7846683373087,0.0328947368421053
"652","DMRT","Obesity",6238,30400,33121,91.7846683373087,20.5197368421053
"653","DMRT","Psoriasis",601,30400,33121,91.7846683373087,1.97697368421053
"654","DMRT","Schizophrenia",115,30400,33121,91.7846683373087,0.378289473684211
"655","DMRT","Schizophrenia disorder",9,30400,33121,91.7846683373087,0.0296052631578947
"656","DMRT","Thyroid cancer",37,30400,33121,91.7846683373087,0.121710526315789
"657","DMRT","Thyroid function",2063,30400,33121,91.7846683373087,6.78618421052632
"658","DOLO","Alzheimer",92,25504,27933,91.304192174131,0.360727728983689
"659","DOLO","Arthritis",519,25504,27933,91.304192174131,2.03497490589711
"660","DOLO","Asthma",1076,25504,27933,91.304192174131,4.21894604767879
"661","DOLO","Atherosclerosis",31,25504,27933,91.304192174131,0.121549560853199
"662","DOLO","Atrial fibrillation",706,25504,27933,91.304192174131,2.76819322459222
"663","DOLO","Bipolar disorder",49,25504,27933,91.304192174131,0.192126725219573
"664","DOLO","Breast cancer",247,25504,27933,91.304192174131,0.968475533249686
"665","DOLO","Colon cancer",261,25504,27933,91.304192174131,1.02336888331242
"666","DOLO","Depression",1518,25504,27933,91.304192174131,5.95200752823087
"667","DOLO","Diabetes",1784,25504,27933,91.304192174131,6.99498117942283
"668","DOLO","Heart failure",211,25504,27933,91.304192174131,0.827321204516939
"669","DOLO","HIV",22,25504,27933,91.304192174131,0.0862609786700125
"670","DOLO","IBS/IBD",315,25504,27933,91.304192174131,1.23510037641154
"671","DOLO","Kidney diseases",1004,25504,27933,91.304192174131,3.9366373902133
"672","DOLO","Lung cancer",45,25504,27933,91.304192174131,0.176442910915935
"673","DOLO","Mania",11,25504,27933,91.304192174131,0.0431304893350063
"674","DOLO","Obesity",4662,25504,27933,91.304192174131,18.2794855708908
"675","DOLO","Psoriasis",421,25504,27933,91.304192174131,1.65072145545797
"676","DOLO","Schizophrenia",83,25504,27933,91.304192174131,0.325439146800502
"677","DOLO","Schizophrenia disorder",16,25504,27933,91.304192174131,0.0627352572145546
"678","DOLO","Thyroid cancer",17,25504,27933,91.304192174131,0.0666562107904642
"679","DOLO","Thyroid function",2001,25504,27933,91.304192174131,7.84582810539523
"680","DPDL","Alzheimer",3678,711803,762039,93.4076864832377,0.516716001477937
"681","DPDL","Arthritis",12319,711803,762039,93.4076864832377,1.73067548183978
"682","DPDL","Asthma",37404,711803,762039,93.4076864832377,5.25482471976095
"683","DPDL","Atherosclerosis",2942,711803,762039,93.4076864832377,0.413316605858643
"684","DPDL","Atrial fibrillation",16561,711803,762039,93.4076864832377,2.32662688974337
"685","DPDL","Bipolar disorder",2182,711803,762039,93.4076864832377,0.306545490816982
"686","DPDL","Breast cancer",7882,711803,762039,93.4076864832377,1.10732885362945
"687","DPDL","Colon cancer",7110,711803,762039,93.4076864832377,0.998871878876599
"688","DPDL","Depression",46718,711803,762039,93.4076864832377,6.56333283225836
"689","DPDL","Diabetes",55096,711803,762039,93.4076864832377,7.74034388728342
"690","DPDL","Heart failure",8657,711803,762039,93.4076864832377,1.21620729331009
"691","DPDL","HIV",1472,711803,762039,93.4076864832377,0.206798791238587
"692","DPDL","IBS/IBD",6317,711803,762039,93.4076864832377,0.887464649629181
"693","DPDL","Kidney diseases",27959,711803,762039,93.4076864832377,3.92791263874977
"694","DPDL","Lung cancer",1903,711803,762039,93.4076864832377,0.267349252531951
"695","DPDL","Mania",186,711803,762039,93.4076864832377,0.0261308255233541
"696","DPDL","Obesity",136310,711803,762039,93.4076864832377,19.1499614359591
"697","DPDL","Psoriasis",14835,711803,762039,93.4076864832377,2.08414406795139
"698","DPDL","Schizophrenia",2641,711803,762039,93.4076864832377,0.371029624769775
"699","DPDL","Schizophrenia disorder",445,711803,762039,93.4076864832377,0.0625172976230783
"700","DPDL","Thyroid cancer",918,711803,762039,93.4076864832377,0.128968267905586
"701","DPDL","Thyroid function",57701,711803,762039,93.4076864832377,8.10631593291964
"702","DRIP","Alzheimer",51,7489,8706,86.0211348495291,0.680998798237415
"703","DRIP","Arthritis",129,7489,8706,86.0211348495291,1.72252637201228
"704","DRIP","Asthma",338,7489,8706,86.0211348495291,4.51328615302444
"705","DRIP","Atherosclerosis",31,7489,8706,86.0211348495291,0.413940445987448
"706","DRIP","Atrial fibrillation",182,7489,8706,86.0211348495291,2.4302310054747
"707","DRIP","Bipolar disorder",25,7489,8706,86.0211348495291,0.333822940312458
"708","DRIP","Breast cancer",89,7489,8706,86.0211348495291,1.18840966751235
"709","DRIP","Colon cancer",70,7489,8706,86.0211348495291,0.934704232874883
"710","DRIP","Depression",438,7489,8706,86.0211348495291,5.84857791427427
"711","DRIP","Diabetes",656,7489,8706,86.0211348495291,8.7595139537989
"712","DRIP","Heart failure",82,7489,8706,86.0211348495291,1.09493924422486
"713","DRIP","HIV",5,7489,8706,86.0211348495291,0.0667645880624917
"714","DRIP","IBS/IBD",83,7489,8706,86.0211348495291,1.10829216183736
"715","DRIP","Kidney diseases",284,7489,8706,86.0211348495291,3.79222860194953
"716","DRIP","Lung cancer",13,7489,8706,86.0211348495291,0.173587928962478
"717","DRIP","Mania",1,7489,8706,86.0211348495291,0.0133529176124983
"718","DRIP","Obesity",1455,7489,8706,86.0211348495291,19.4284951261851
"719","DRIP","Psoriasis",167,7489,8706,86.0211348495291,2.22993724128722
"720","DRIP","Schizophrenia",40,7489,8706,86.0211348495291,0.534116704499933
"721","DRIP","Schizophrenia disorder",2,7489,8706,86.0211348495291,0.0267058352249967
"722","DRIP","Thyroid cancer",6,7489,8706,86.0211348495291,0.08011750567499
"723","DRIP","Thyroid function",740,7489,8706,86.0211348495291,9.88115903324877
"724","DRSS","Alzheimer",22,8907,7418,120.07279590186,0.246996744133827
"725","DRSS","Arthritis",215,8907,7418,120.07279590186,2.41383181767149
"726","DRSS","Asthma",487,8907,7418,120.07279590186,5.46760974514427
"727","DRSS","Atherosclerosis",8,8907,7418,120.07279590186,0.0898169978668463
"728","DRSS","Atrial fibrillation",246,8907,7418,120.07279590186,2.76187268440552
"729","DRSS","Bipolar disorder",26,8907,7418,120.07279590186,0.29190524306725
"730","DRSS","Breast cancer",73,8907,7418,120.07279590186,0.819580105534973
"731","DRSS","Colon cancer",88,8907,7418,120.07279590186,0.987986976535309
"732","DRSS","Depression",494,8907,7418,120.07279590186,5.54619961827776
"733","DRSS","Diabetes",686,8907,7418,120.07279590186,7.70180756708207
"734","DRSS","Heart failure",68,8907,7418,120.07279590186,0.763444481868194
"735","DRSS","HIV",5,8907,7418,120.07279590186,0.0561356236667789
"736","DRSS","IBS/IBD",98,8907,7418,120.07279590186,1.10025822386887
"737","DRSS","Kidney diseases",301,8907,7418,120.07279590186,3.37936454474009
"738","DRSS","Lung cancer",20,8907,7418,120.07279590186,0.224542494667116
"739","DRSS","Mania",6,8907,7418,120.07279590186,0.0673627484001347
"740","DRSS","Obesity",2280,8907,7418,120.07279590186,25.5978443920512
"741","DRSS","Psoriasis",184,8907,7418,120.07279590186,2.06579095093747
"742","DRSS","Schizophrenia",24,8907,7418,120.07279590186,0.269450993600539
"743","DRSS","Schizophrenia disorder",3,8907,7418,120.07279590186,0.0336813742000674
"744","DRSS","Thyroid cancer",8,8907,7418,120.07279590186,0.0898169978668463
"745","DRSS","Thyroid function",1016,8907,7418,120.07279590186,11.4067587290895
"746","DRUS","Alzheimer",291,65737,67860,96.8715001473622,0.442673076045454
"747","DRUS","Arthritis",1166,65737,67860,96.8715001473622,1.7737347308213
"748","DRUS","Asthma",3523,65737,67860,96.8715001473622,5.3592345254575
"749","DRUS","Atherosclerosis",172,65737,67860,96.8715001473622,0.261648690995938
"750","DRUS","Atrial fibrillation",1383,65737,67860,96.8715001473622,2.10383802120571
"751","DRUS","Bipolar disorder",150,65737,67860,96.8715001473622,0.228181997961574
"752","DRUS","Breast cancer",574,65737,67860,96.8715001473622,0.873176445532957
"753","DRUS","Colon cancer",632,65737,67860,96.8715001473622,0.961406818078099
"754","DRUS","Depression",3212,65737,67860,96.8715001473622,4.88613718301717
"755","DRUS","Diabetes",4894,65737,67860,96.8715001473622,7.44481798682629
"756","DRUS","Heart failure",578,65737,67860,96.8715001473622,0.879261298811932
"757","DRUS","HIV",93,65737,67860,96.8715001473622,0.141472838736176
"758","DRUS","IBS/IBD",833,65737,67860,96.8715001473622,1.26717069534661
"759","DRUS","Kidney diseases",2040,65737,67860,96.8715001473622,3.10327517227741
"760","DRUS","Lung cancer",140,65737,67860,96.8715001473622,0.212969864764136
"761","DRUS","Mania",19,65737,67860,96.8715001473622,0.0289030530751327
"762","DRUS","Obesity",14002,65737,67860,96.8715001473622,21.3000289030531
"763","DRUS","Psoriasis",1354,65737,67860,96.8715001473622,2.05972283493314
"764","DRUS","Schizophrenia",253,65737,67860,96.8715001473622,0.384866969895188
"765","DRUS","Schizophrenia disorder",28,65737,67860,96.8715001473622,0.0425939729528272
"766","DRUS","Thyroid cancer",72,65737,67860,96.8715001473622,0.109527359021556
"767","DRUS","Thyroid function",4619,65737,67860,96.8715001473622,7.02648432389674
"768","DSFL","Alzheimer",624,129960,144336,90.0399068839375,0.480147737765466
"769","DSFL","Arthritis",2462,129960,144336,90.0399068839375,1.89442905509388
"770","DSFL","Asthma",7015,129960,144336,90.0399068839375,5.39781471221914
"771","DSFL","Atherosclerosis",416,129960,144336,90.0399068839375,0.320098491843644
"772","DSFL","Atrial fibrillation",2570,129960,144336,90.0399068839375,1.97753154816867
"773","DSFL","Bipolar disorder",363,129960,144336,90.0399068839375,0.279316712834718
"774","DSFL","Breast cancer",1437,129960,144336,90.0399068839375,1.10572483841182
"775","DSFL","Colon cancer",1186,129960,144336,90.0399068839375,0.912588488765774
"776","DSFL","Depression",8647,129960,144336,90.0399068839375,6.65358571868267
"777","DSFL","Diabetes",9114,129960,144336,90.0399068839375,7.0129270544783
"778","DSFL","Heart failure",1530,129960,144336,90.0399068839375,1.17728531855956
"779","DSFL","HIV",89,129960,144336,90.0399068839375,0.0684826100338566
"780","DSFL","IBS/IBD",1263,129960,144336,90.0399068839375,0.971837488457987
"781","DSFL","Kidney diseases",4800,129960,144336,90.0399068839375,3.69344413665743
"782","DSFL","Lung cancer",272,129960,144336,90.0399068839375,0.209295167743921
"783","DSFL","Mania",33,129960,144336,90.0399068839375,0.0253924284395199
"784","DSFL","Obesity",25051,129960,144336,90.0399068839375,19.2759310557094
"785","DSFL","Psoriasis",2757,129960,144336,90.0399068839375,2.12142197599261
"786","DSFL","Schizophrenia",404,129960,144336,90.0399068839375,0.310864881502001
"787","DSFL","Schizophrenia disorder",62,129960,144336,90.0399068839375,0.0477069867651585
"788","DSFL","Thyroid cancer",158,129960,144336,90.0399068839375,0.121575869498307
"789","DSFL","Thyroid function",9449,129960,144336,90.0399068839375,7.27069867651585
"790","DSLL","Alzheimer",40,8900,10914,81.5466373465274,0.449438202247191
"791","DSLL","Arthritis",269,8900,10914,81.5466373465274,3.02247191011236
"792","DSLL","Asthma",599,8900,10914,81.5466373465274,6.73033707865169
"793","DSLL","Atherosclerosis",36,8900,10914,81.5466373465274,0.404494382022472
"794","DSLL","Atrial fibrillation",241,8900,10914,81.5466373465274,2.70786516853933
"795","DSLL","Bipolar disorder",33,8900,10914,81.5466373465274,0.370786516853933
"796","DSLL","Breast cancer",90,8900,10914,81.5466373465274,1.01123595505618
"797","DSLL","Colon cancer",101,8900,10914,81.5466373465274,1.13483146067416
"798","DSLL","Depression",658,8900,10914,81.5466373465274,7.39325842696629
"799","DSLL","Diabetes",772,8900,10914,81.5466373465274,8.67415730337079
"800","DSLL","Heart failure",123,8900,10914,81.5466373465274,1.38202247191011
"801","DSLL","HIV",9,8900,10914,81.5466373465274,0.101123595505618
"802","DSLL","IBS/IBD",149,8900,10914,81.5466373465274,1.67415730337079
"803","DSLL","Kidney diseases",670,8900,10914,81.5466373465274,7.52808988764045
"804","DSLL","Lung cancer",30,8900,10914,81.5466373465274,0.337078651685393
"805","DSLL","Mania",5,8900,10914,81.5466373465274,0.0561797752808989
"806","DSLL","Obesity",1798,8900,10914,81.5466373465274,20.2022471910112
"807","DSLL","Psoriasis",230,8900,10914,81.5466373465274,2.58426966292135
"808","DSLL","Schizophrenia",25,8900,10914,81.5466373465274,0.280898876404494
"809","DSLL","Schizophrenia disorder",5,8900,10914,81.5466373465274,0.0561797752808989
"810","DSLL","Thyroid cancer",8,8900,10914,81.5466373465274,0.0898876404494382
"811","DSLL","Thyroid function",723,8900,10914,81.5466373465274,8.12359550561798
"812","DSOR","Alzheimer",9,1958,2149,91.1121451838064,0.459652706843718
"813","DSOR","Arthritis",71,1958,2149,91.1121451838064,3.62614913176711
"814","DSOR","Asthma",116,1958,2149,91.1121451838064,5.9244126659857
"815","DSOR","Atherosclerosis",26,1958,2149,91.1121451838064,1.32788559754852
"816","DSOR","Atrial fibrillation",47,1958,2149,91.1121451838064,2.40040858018386
"817","DSOR","Bipolar disorder",2,1958,2149,91.1121451838064,0.102145045965271
"818","DSOR","Breast cancer",25,1958,2149,91.1121451838064,1.27681307456588
"819","DSOR","Colon cancer",16,1958,2149,91.1121451838064,0.817160367722165
"820","DSOR","Depression",127,1958,2149,91.1121451838064,6.48621041879469
"821","DSOR","Diabetes",141,1958,2149,91.1121451838064,7.20122574055158
"822","DSOR","Heart failure",32,1958,2149,91.1121451838064,1.63432073544433
"823","DSOR","IBS/IBD",13,1958,2149,91.1121451838064,0.663942798774259
"824","DSOR","Kidney diseases",58,1958,2149,91.1121451838064,2.96220633299285
"825","DSOR","Lung cancer",5,1958,2149,91.1121451838064,0.255362614913177
"826","DSOR","Mania",1,1958,2149,91.1121451838064,0.0510725229826353
"827","DSOR","Obesity",343,1958,2149,91.1121451838064,17.5178753830439
"828","DSOR","Psoriasis",41,1958,2149,91.1121451838064,2.09397344228805
"829","DSOR","Schizophrenia",6,1958,2149,91.1121451838064,0.306435137895812
"830","DSOR","Thyroid function",159,1958,2149,91.1121451838064,8.12053115423902
"831","DSRS","Alzheimer",817,177293,185879,95.3808660472673,0.460819096072603
"832","DSRS","Arthritis",3472,177293,185879,95.3808660472673,1.95834014879324
"833","DSRS","Asthma",10550,177293,185879,95.3808660472673,5.95060154659236
"834","DSRS","Atherosclerosis",443,177293,185879,95.3808660472673,0.24986886115075
"835","DSRS","Atrial fibrillation",3931,177293,185879,95.3808660472673,2.21723361892461
"836","DSRS","Bipolar disorder",535,177293,185879,95.3808660472673,0.301760362789281
"837","DSRS","Breast cancer",1752,177293,185879,95.3808660472673,0.988194683377234
"838","DSRS","Colon cancer",1577,177293,185879,95.3808660472673,0.889488022651769
"839","DSRS","Depression",11022,177293,185879,95.3808660472673,6.21682751152048
"840","DSRS","Diabetes",13490,177293,185879,95.3808660472673,7.60887344678019
"841","DSRS","Heart failure",2303,177293,185879,95.3808660472673,1.29897965514713
"842","DSRS","HIV",210,177293,185879,95.3808660472673,0.118447992870559
"843","DSRS","IBS/IBD",1524,177293,185879,95.3808660472673,0.859594005403485
"844","DSRS","Kidney diseases",6107,177293,185879,95.3808660472673,3.44458044028811
"845","DSRS","Lung cancer",426,177293,185879,95.3808660472673,0.240280214108848
"846","DSRS","Mania",39,177293,185879,95.3808660472673,0.0219974843902467
"847","DSRS","Obesity",37634,177293,185879,95.3808660472673,21.2270083985267
"848","DSRS","Psoriasis",4120,177293,185879,95.3808660472673,2.32383681250811
"849","DSRS","Schizophrenia",744,177293,185879,95.3808660472673,0.419644317598552
"850","DSRS","Schizophrenia disorder",119,177293,185879,95.3808660472673,0.0671205292933167
"851","DSRS","Thyroid cancer",210,177293,185879,95.3808660472673,0.118447992870559
"852","DSRS","Thyroid function",15874,177293,185879,95.3808660472673,8.95354018489168
"853","DTAR","Alzheimer",252,86610,78002,111.035614471424,0.290959473501905
"854","DTAR","Arthritis",1431,86610,78002,111.035614471424,1.6522341531001
"855","DTAR","Asthma",4395,86610,78002,111.035614471424,5.07447177000346
"856","DTAR","Atherosclerosis",237,86610,78002,111.035614471424,0.27364045722203
"857","DTAR","Atrial fibrillation",1635,86610,78002,111.035614471424,1.88777277450641
"858","DTAR","Bipolar disorder",173,86610,78002,111.035614471424,0.199745987761228
"859","DTAR","Breast cancer",701,86610,78002,111.035614471424,0.809375360812839
"860","DTAR","Colon cancer",675,86610,78002,111.035614471424,0.779355732594389
"861","DTAR","Depression",4264,86610,78002,111.035614471424,4.92321902782589
"862","DTAR","Diabetes",6261,86610,78002,111.035614471424,7.22895739521995
"863","DTAR","Heart failure",669,86610,78002,111.035614471424,0.772428126082438
"864","DTAR","HIV",99,86610,78002,111.035614471424,0.114305507447177
"865","DTAR","IBS/IBD",786,86610,78002,111.035614471424,0.907516453065466
"866","DTAR","Kidney diseases",2131,86610,78002,111.035614471424,2.46045491282762
"867","DTAR","Lung cancer",184,86610,78002,111.035614471424,0.212446599699804
"868","DTAR","Mania",24,86610,78002,111.035614471424,0.0277104260478005
"869","DTAR","Obesity",17251,86610,78002,111.035614471424,19.9180233229419
"870","DTAR","Psoriasis",1808,86610,78002,111.035614471424,2.08751876226764
"871","DTAR","Schizophrenia",385,86610,78002,111.035614471424,0.444521417850133
"872","DTAR","Schizophrenia disorder",44,86610,78002,111.035614471424,0.0508024477543009
"873","DTAR","Thyroid cancer",104,86610,78002,111.035614471424,0.120078512873802
"874","DTAR","Thyroid function",5664,86610,78002,111.035614471424,6.53966054728092
"875","DTOT","Alzheimer",183,27522,26783,102.759212933577,0.66492260736865
"876","DTOT","Arthritis",515,27522,26783,102.759212933577,1.87123028849648
"877","DTOT","Asthma",1444,27522,26783,102.759212933577,5.24671172153186
"878","DTOT","Atherosclerosis",78,27522,26783,102.759212933577,0.283409635927622
"879","DTOT","Atrial fibrillation",680,27522,26783,102.759212933577,2.47075067218952
"880","DTOT","Bipolar disorder",66,27522,26783,102.759212933577,0.239808153477218
"881","DTOT","Breast cancer",294,27522,26783,102.759212933577,1.06823632003488
"882","DTOT","Colon cancer",280,27522,26783,102.759212933577,1.01736792384274
"883","DTOT","Depression",1344,27522,26783,102.759212933577,4.88336603444517
"884","DTOT","Diabetes",2157,27522,26783,102.759212933577,7.83736647046
"885","DTOT","Heart failure",358,27522,26783,102.759212933577,1.30077755977037
"886","DTOT","HIV",19,27522,26783,102.759212933577,0.0690356805464719
"887","DTOT","IBS/IBD",216,27522,26783,102.759212933577,0.78482668410726
"888","DTOT","Kidney diseases",867,27522,26783,102.759212933577,3.15020710704164
"889","DTOT","Lung cancer",48,27522,26783,102.759212933577,0.174405929801613
"890","DTOT","Mania",6,27522,26783,102.759212933577,0.0218007412252017
"891","DTOT","Obesity",5933,27522,26783,102.759212933577,21.5572996148536
"892","DTOT","Psoriasis",636,27522,26783,102.759212933577,2.31087856987138
"893","DTOT","Schizophrenia",100,27522,26783,102.759212933577,0.363345687086694
"894","DTOT","Schizophrenia disorder",8,27522,26783,102.759212933577,0.0290676549669355
"895","DTOT","Thyroid cancer",27,27522,26783,102.759212933577,0.0981033355134075
"896","DTOT","Thyroid function",1787,27522,26783,102.759212933577,6.49298742823923
"897","DTRG","Alzheimer",50,14255,14981,95.1538615579734,0.350754121360926
"898","DTRG","Arthritis",414,14255,14981,95.1538615579734,2.90424412486847
"899","DTRG","Asthma",756,14255,14981,95.1538615579734,5.3034023149772
"900","DTRG","Atherosclerosis",164,14255,14981,95.1538615579734,1.15047351806384
"901","DTRG","Atrial fibrillation",263,14255,14981,95.1538615579734,1.84496667835847
"902","DTRG","Bipolar disorder",41,14255,14981,95.1538615579734,0.287618379515959
"903","DTRG","Breast cancer",131,14255,14981,95.1538615579734,0.918975797965626
"904","DTRG","Colon cancer",147,14255,14981,95.1538615579734,1.03121711680112
"905","DTRG","Depression",739,14255,14981,95.1538615579734,5.18414591371449
"906","DTRG","Diabetes",1067,14255,14981,95.1538615579734,7.48509294984216
"907","DTRG","Heart failure",164,14255,14981,95.1538615579734,1.15047351806384
"908","DTRG","HIV",8,14255,14981,95.1538615579734,0.0561206594177482
"909","DTRG","IBS/IBD",175,14255,14981,95.1538615579734,1.22763942476324
"910","DTRG","Kidney diseases",403,14255,14981,95.1538615579734,2.82707821816906
"911","DTRG","Lung cancer",24,14255,14981,95.1538615579734,0.168361978253244
"912","DTRG","Mania",5,14255,14981,95.1538615579734,0.0350754121360926
"913","DTRG","Obesity",2945,14255,14981,95.1538615579734,20.6594177481585
"914","DTRG","Psoriasis",328,14255,14981,95.1538615579734,2.30094703612767
"915","DTRG","Schizophrenia",50,14255,14981,95.1538615579734,0.350754121360926
"916","DTRG","Schizophrenia disorder",8,14255,14981,95.1538615579734,0.0561206594177482
"917","DTRG","Thyroid cancer",11,14255,14981,95.1538615579734,0.0771659066994037
"918","DTRG","Thyroid function",1049,14255,14981,95.1538615579734,7.35882146615223
"919","DTRP","Alzheimer",42,4979,3758,132.490686535391,0.843542880096405
"920","DTRP","Arthritis",69,4979,3758,132.490686535391,1.38582044587267
"921","DTRP","Asthma",235,4979,3758,132.490686535391,4.71982325768226
"922","DTRP","Atherosclerosis",39,4979,3758,132.490686535391,0.783289817232376
"923","DTRP","Atrial fibrillation",166,4979,3758,132.490686535391,3.3340028118096
"924","DTRP","Bipolar disorder",17,4979,3758,132.490686535391,0.341434022896164
"925","DTRP","Breast cancer",63,4979,3758,132.490686535391,1.26531432014461
"926","DTRP","Colon cancer",67,4979,3758,132.490686535391,1.34565173729665
"927","DTRP","Depression",373,4979,3758,132.490686535391,7.4914641494276
"928","DTRP","Diabetes",423,4979,3758,132.490686535391,8.49568186382808
"929","DTRP","Heart failure",63,4979,3758,132.490686535391,1.26531432014461
"930","DTRP","HIV",2,4979,3758,132.490686535391,0.0401687085760193
"931","DTRP","IBS/IBD",43,4979,3758,132.490686535391,0.863627234384415
"932","DTRP","Kidney diseases",274,4979,3758,132.490686535391,5.50311307491464
"933","DTRP","Lung cancer",13,4979,3758,132.490686535391,0.261096605744125
"934","DTRP","Mania",2,4979,3758,132.490686535391,0.0401687085760193
"935","DTRP","Obesity",997,4979,3758,132.490686535391,20.0241012251456
"936","DTRP","Psoriasis",100,4979,3758,132.490686535391,2.00843542880096
"937","DTRP","Schizophrenia",32,4979,3758,132.490686535391,0.642699337216308
"938","DTRP","Schizophrenia disorder",4,4979,3758,132.490686535391,0.0803374171520386
"939","DTRP","Thyroid cancer",9,4979,3758,132.490686535391,0.180759188592087
"940","DTRP","Thyroid function",552,4979,3758,132.490686535391,11.0865635669813
"941","DTSE","Alzheimer",32,3288,4040,81.3861386138614,0.97323600973236
"942","DTSE","Arthritis",86,3288,4040,81.3861386138614,2.61557177615572
"943","DTSE","Asthma",181,3288,4040,81.3861386138614,5.50486618004866
"944","DTSE","Atherosclerosis",72,3288,4040,81.3861386138614,2.18978102189781
"945","DTSE","Atrial fibrillation",122,3288,4040,81.3861386138614,3.71046228710462
"946","DTSE","Bipolar disorder",6,3288,4040,81.3861386138614,0.182481751824818
"947","DTSE","Breast cancer",36,3288,4040,81.3861386138614,1.09489051094891
"948","DTSE","Colon cancer",53,3288,4040,81.3861386138614,1.61192214111922
"949","DTSE","Depression",249,3288,4040,81.3861386138614,7.57299270072993
"950","DTSE","Diabetes",306,3288,4040,81.3861386138614,9.30656934306569
"951","DTSE","Heart failure",47,3288,4040,81.3861386138614,1.4294403892944
"952","DTSE","IBS/IBD",20,3288,4040,81.3861386138614,0.608272506082725
"953","DTSE","Kidney diseases",153,3288,4040,81.3861386138614,4.65328467153285
"954","DTSE","Lung cancer",10,3288,4040,81.3861386138614,0.304136253041363
"955","DTSE","Mania",0,3288,4040,81.3861386138614,0
"956","DTSE","Obesity",579,3288,4040,81.3861386138614,17.6094890510949
"957","DTSE","Psoriasis",72,3288,4040,81.3861386138614,2.18978102189781
"958","DTSE","Schizophrenia",14,3288,4040,81.3861386138614,0.425790754257908
"959","DTSE","Schizophrenia disorder",2,3288,4040,81.3861386138614,0.0608272506082725
"960","DTSE","Thyroid cancer",8,3288,4040,81.3861386138614,0.24330900243309
"961","DTSE","Thyroid function",281,3288,4040,81.3861386138614,8.54622871046229
"962","DVAL","Alzheimer",61,18253,18603,98.1185830242434,0.334191639730455
"963","DVAL","Arthritis",400,18253,18603,98.1185830242434,2.19142058839643
"964","DVAL","Asthma",767,18253,18603,98.1185830242434,4.20204897825015
"965","DVAL","Atherosclerosis",49,18253,18603,98.1185830242434,0.268449022078562
"966","DVAL","Atrial fibrillation",365,18253,18603,98.1185830242434,1.99967128691174
"967","DVAL","Bipolar disorder",59,18253,18603,98.1185830242434,0.323234536788473
"968","DVAL","Breast cancer",165,18253,18603,98.1185830242434,0.903960992713526
"969","DVAL","Colon cancer",164,18253,18603,98.1185830242434,0.898482441242536
"970","DVAL","Depression",994,18253,18603,98.1185830242434,5.44568016216512
"971","DVAL","Diabetes",1451,18253,18603,98.1185830242434,7.94937818440804
"972","DVAL","Heart failure",195,18253,18603,98.1185830242434,1.06831753684326
"973","DVAL","HIV",22,18253,18603,98.1185830242434,0.120528132361804
"974","DVAL","IBS/IBD",222,18253,18603,98.1185830242434,1.21623842656002
"975","DVAL","Kidney diseases",673,18253,18603,98.1185830242434,3.68706513997699
"976","DVAL","Lung cancer",47,18253,18603,98.1185830242434,0.25749191913658
"977","DVAL","Mania",5,18253,18603,98.1185830242434,0.0273927573549553
"978","DVAL","Obesity",3790,18253,18603,98.1185830242434,20.7637100750562
"979","DVAL","Psoriasis",439,18253,18603,98.1185830242434,2.40508409576508
"980","DVAL","Schizophrenia",112,18253,18603,98.1185830242434,0.613597764751
"981","DVAL","Schizophrenia disorder",15,18253,18603,98.1185830242434,0.0821782720648661
"982","DVAL","Thyroid cancer",24,18253,18603,98.1185830242434,0.131485235303786
"983","DVAL","Thyroid function",1307,18253,18603,98.1185830242434,7.16046677258533
"984","DVDP","Alzheimer",98,33334,36964,90.1796342387187,0.293994120117598
"985","DVDP","Arthritis",606,33334,36964,90.1796342387187,1.81796364072719
"986","DVDP","Asthma",1611,33334,36964,90.1796342387187,4.83290334193316
"987","DVDP","Atherosclerosis",40,33334,36964,90.1796342387187,0.119997600047999
"988","DVDP","Atrial fibrillation",614,33334,36964,90.1796342387187,1.84196316073679
"989","DVDP","Bipolar disorder",83,33334,36964,90.1796342387187,0.248995020099598
"990","DVDP","Breast cancer",270,33334,36964,90.1796342387187,0.809983800323994
"991","DVDP","Colon cancer",222,33334,36964,90.1796342387187,0.665986680266395
"992","DVDP","Depression",1707,33334,36964,90.1796342387187,5.12089758204836
"993","DVDP","Diabetes",2372,33334,36964,90.1796342387187,7.11585768284634
"994","DVDP","Heart failure",378,33334,36964,90.1796342387187,1.13397732045359
"995","DVDP","HIV",38,33334,36964,90.1796342387187,0.113997720045599
"996","DVDP","IBS/IBD",281,33334,36964,90.1796342387187,0.842983140337193
"997","DVDP","Kidney diseases",1014,33334,36964,90.1796342387187,3.04193916121678
"998","DVDP","Lung cancer",52,33334,36964,90.1796342387187,0.155996880062399
"999","DVDP","Mania",9,33334,36964,90.1796342387187,0.0269994600107998
"1000","DVDP","Obesity",6261,33334,36964,90.1796342387187,18.782624347513
"1001","DVDP","Psoriasis",697,33334,36964,90.1796342387187,2.09095818083638
"1002","DVDP","Schizophrenia",95,33334,36964,90.1796342387187,0.284994300113998
"1003","DVDP","Schizophrenia disorder",15,33334,36964,90.1796342387187,0.0449991000179996
"1004","DVDP","Thyroid cancer",24,33334,36964,90.1796342387187,0.0719985600287994
"1005","DVDP","Thyroid function",2291,33334,36964,90.1796342387187,6.87286254274914
"1006","DVIC","Alzheimer",69,15062,18582,81.0569368205791,0.458106493161599
"1007","DVIC","Arthritis",289,15062,18582,81.0569368205791,1.91873589164786
"1008","DVIC","Asthma",757,15062,18582,81.0569368205791,5.02589297570044
"1009","DVIC","Atherosclerosis",21,15062,18582,81.0569368205791,0.139423715310052
"1010","DVIC","Atrial fibrillation",295,15062,18582,81.0569368205791,1.9585712388793
"1011","DVIC","Bipolar disorder",37,15062,18582,81.0569368205791,0.245651307927234
"1012","DVIC","Breast cancer",146,15062,18582,81.0569368205791,0.969326782631789
"1013","DVIC","Colon cancer",129,15062,18582,81.0569368205791,0.856459965476032
"1014","DVIC","Depression",830,15062,18582,81.0569368205791,5.51055636701633
"1015","DVIC","Diabetes",876,15062,18582,81.0569368205791,5.81596069579073
"1016","DVIC","Heart failure",149,15062,18582,81.0569368205791,0.98924445624751
"1017","DVIC","HIV",8,15062,18582,81.0569368205791,0.0531137963085912
"1018","DVIC","IBS/IBD",157,15062,18582,81.0569368205791,1.0423582525561
"1019","DVIC","Kidney diseases",634,15062,18582,81.0569368205791,4.20926835745585
"1020","DVIC","Lung cancer",21,15062,18582,81.0569368205791,0.139423715310052
"1021","DVIC","Mania",5,15062,18582,81.0569368205791,0.0331961226928695
"1022","DVIC","Obesity",2335,15062,18582,81.0569368205791,15.50258929757
"1023","DVIC","Psoriasis",260,15062,18582,81.0569368205791,1.72619838002921
"1024","DVIC","Schizophrenia",45,15062,18582,81.0569368205791,0.298765104235825
"1025","DVIC","Schizophrenia disorder",6,15062,18582,81.0569368205791,0.0398353472314434
"1026","DVIC","Thyroid cancer",22,15062,18582,81.0569368205791,0.146062939848626
"1027","DVIC","Thyroid function",982,15062,18582,81.0569368205791,6.51971849687956
"1028","DVLC","Alzheimer",53,16955,12993,130.493342569076,0.312592155706281
"1029","DVLC","Arthritis",316,16955,12993,130.493342569076,1.86375700383368
"1030","DVLC","Asthma",872,16955,12993,130.493342569076,5.14302565614863
"1031","DVLC","Atherosclerosis",45,16955,12993,130.493342569076,0.265408434090239
"1032","DVLC","Atrial fibrillation",285,16955,12993,130.493342569076,1.68092008257151
"1033","DVLC","Bipolar disorder",31,16955,12993,130.493342569076,0.182836921262165
"1034","DVLC","Breast cancer",121,16955,12993,130.493342569076,0.713653789442642
"1035","DVLC","Colon cancer",105,16955,12993,130.493342569076,0.619286346210557
"1036","DVLC","Depression",699,16955,12993,130.493342569076,4.12267767620171
"1037","DVLC","Diabetes",1072,16955,12993,130.493342569076,6.32261869654969
"1038","DVLC","Heart failure",139,16955,12993,130.493342569076,0.819817163078738
"1039","DVLC","HIV",26,16955,12993,130.493342569076,0.153347095252138
"1040","DVLC","IBS/IBD",141,16955,12993,130.493342569076,0.831613093482748
"1041","DVLC","Kidney diseases",385,16955,12993,130.493342569076,2.27071660277204
"1042","DVLC","Lung cancer",37,16955,12993,130.493342569076,0.218224712474196
"1043","DVLC","Mania",3,16955,12993,130.493342569076,0.0176938956060159
"1044","DVLC","Obesity",3314,16955,12993,130.493342569076,19.5458566794456
"1045","DVLC","Psoriasis",325,16955,12993,130.493342569076,1.91683869065173
"1046","DVLC","Schizophrenia",56,16955,12993,130.493342569076,0.330286051312297
"1047","DVLC","Schizophrenia disorder",2,16955,12993,130.493342569076,0.0117959304040106
"1048","DVLC","Thyroid cancer",22,16955,12993,130.493342569076,0.129755234444117
"1049","DVLC","Thyroid function",1209,16955,12993,130.493342569076,7.13063992922442
"1050","DVLG","Alzheimer",224,59598,66260,89.9456685783278,0.375851538642236
"1051","DVLG","Arthritis",1148,59598,66260,89.9456685783278,1.92623913554146
"1052","DVLG","Asthma",3389,59598,66260,89.9456685783278,5.68643243061848
"1053","DVLG","Atherosclerosis",108,59598,66260,89.9456685783278,0.181214134702507
"1054","DVLG","Atrial fibrillation",1060,59598,66260,89.9456685783278,1.77858317393201
"1055","DVLG","Bipolar disorder",178,59598,66260,89.9456685783278,0.298667740528206
"1056","DVLG","Breast cancer",566,59598,66260,89.9456685783278,0.949696298533508
"1057","DVLG","Colon cancer",532,59598,66260,89.9456685783278,0.892647404275311
"1058","DVLG","Depression",3137,59598,66260,89.9456685783278,5.26359944964596
"1059","DVLG","Diabetes",4340,59598,66260,89.9456685783278,7.28212356119333
"1060","DVLG","Heart failure",632,59598,66260,89.9456685783278,1.0604382697406
"1061","DVLG","HIV",78,59598,66260,89.9456685783278,0.130876875062922
"1062","DVLG","IBS/IBD",594,59598,66260,89.9456685783278,0.996677740863787
"1063","DVLG","Kidney diseases",2141,59598,66260,89.9456685783278,3.59240242961173
"1064","DVLG","Lung cancer",129,59598,66260,89.9456685783278,0.216450216450216
"1065","DVLG","Mania",11,59598,66260,89.9456685783278,0.0184569952011812
"1066","DVLG","Obesity",12546,59598,66260,89.9456685783278,21.0510419812745
"1067","DVLG","Psoriasis",1417,59598,66260,89.9456685783278,2.37759656364307
"1068","DVLG","Schizophrenia",231,59598,66260,89.9456685783278,0.387596899224806
"1069","DVLG","Schizophrenia disorder",50,59598,66260,89.9456685783278,0.083895432732642
"1070","DVLG","Thyroid cancer",85,59598,66260,89.9456685783278,0.142622235645491
"1071","DVLG","Thyroid function",4508,59598,66260,89.9456685783278,7.56401221517501
"1072","Carmel","Alzheimer",182,26499,28208,93.9414350538854,0.686818370504547
"1073","Carmel","Arthritis",505,26499,28208,93.9414350538854,1.9057322917846
"1074","Carmel","Asthma",1876,26499,28208,93.9414350538854,7.07951243443149
"1075","Carmel","Atherosclerosis",93,26499,28208,93.9414350538854,0.350956639873203
"1076","Carmel","Atrial fibrillation",740,26499,28208,93.9414350538854,2.79255820974376
"1077","Carmel","Bipolar disorder",71,26499,28208,93.9414350538854,0.267934639042983
"1078","Carmel","Breast cancer",224,26499,28208,93.9414350538854,0.845314917544058
"1079","Carmel","Colon cancer",301,26499,28208,93.9414350538854,1.13589192044983
"1080","Carmel","Depression",2010,26499,28208,93.9414350538854,7.58519189403374
"1081","Carmel","Diabetes",2354,26499,28208,93.9414350538854,8.88335408883354
"1082","Carmel","Heart failure",416,26499,28208,93.9414350538854,1.56987056115325
"1083","Carmel","HIV",39,26499,28208,93.9414350538854,0.147175365108117
"1084","Carmel","IBS/IBD",317,26499,28208,93.9414350538854,1.19627155741726
"1085","Carmel","Kidney diseases",913,26499,28208,93.9414350538854,3.44541303445413
"1086","Carmel","Lung cancer",82,26499,28208,93.9414350538854,0.309445639458093
"1087","Carmel","Mania",8,26499,28208,93.9414350538854,0.0301898184837164
"1088","Carmel","Obesity",5840,26499,28208,93.9414350538854,22.038567493113
"1089","Carmel","Psoriasis",609,26499,28208,93.9414350538854,2.29819993207291
"1090","Carmel","Schizophrenia",149,26499,28208,93.9414350538854,0.562285369259217
"1091","Carmel","Schizophrenia disorder",23,26499,28208,93.9414350538854,0.0867957281406845
"1092","Carmel","Thyroid cancer",28,26499,28208,93.9414350538854,0.105664364693007
"1093","Carmel","Thyroid function",2183,26499,28208,93.9414350538854,8.2380467187441
"1094","Poblenou","Alzheimer",66,8466,9305,90.9833422890919,0.779588944011339
"1095","Poblenou","Arthritis",156,8466,9305,90.9833422890919,1.84266477675408
"1096","Poblenou","Asthma",483,8466,9305,90.9833422890919,5.70517363571935
"1097","Poblenou","Atherosclerosis",34,8466,9305,90.9833422890919,0.401606425702811
"1098","Poblenou","Atrial fibrillation",193,8466,9305,90.9833422890919,2.27970706354831
"1099","Poblenou","Bipolar disorder",39,8466,9305,90.9833422890919,0.460666194188519
"1100","Poblenou","Breast cancer",108,8466,9305,90.9833422890919,1.27569099929128
"1101","Poblenou","Colon cancer",72,8466,9305,90.9833422890919,0.850460666194188
"1102","Poblenou","Depression",605,8466,9305,90.9833422890919,7.14623198677061
"1103","Poblenou","Diabetes",528,8466,9305,90.9833422890919,6.23671155209072
"1104","Poblenou","Heart failure",94,8466,9305,90.9833422890919,1.1103236475313
"1105","Poblenou","HIV",19,8466,9305,90.9833422890919,0.224427120245689
"1106","Poblenou","IBS/IBD",69,8466,9305,90.9833422890919,0.815024805102764
"1107","Poblenou","Kidney diseases",283,8466,9305,90.9833422890919,3.34278289629105
"1108","Poblenou","Lung cancer",20,8466,9305,90.9833422890919,0.23623907394283
"1109","Poblenou","Mania",1,8466,9305,90.9833422890919,0.0118119536971415
"1110","Poblenou","Obesity",1229,8466,9305,90.9833422890919,14.5168910937869
"1111","Poblenou","Psoriasis",184,8466,9305,90.9833422890919,2.17339948027404
"1112","Poblenou","Schizophrenia",20,8466,9305,90.9833422890919,0.23623907394283
"1113","Poblenou","Schizophrenia disorder",10,8466,9305,90.9833422890919,0.118119536971415
"1114","Poblenou","Thyroid cancer",15,8466,9305,90.9833422890919,0.177179305457123
"1115","Poblenou","Thyroid function",694,8466,9305,90.9833422890919,8.1974958658162
"1116","St. Gervasi","Alzheimer",35,5577,7634,73.0547550432277,0.627577550654474
"1117","St. Gervasi","Arthritis",71,5577,7634,73.0547550432277,1.2730858884705
"1118","St. Gervasi","Asthma",267,5577,7634,73.0547550432277,4.78752017213556
"1119","St. Gervasi","Atherosclerosis",62,5577,7634,73.0547550432277,1.1117088040165
"1120","St. Gervasi","Atrial fibrillation",183,5577,7634,73.0547550432277,3.28133405056482
"1121","St. Gervasi","Bipolar disorder",26,5577,7634,73.0547550432277,0.466200466200466
"1122","St. Gervasi","Breast cancer",123,5577,7634,73.0547550432277,2.20548682087144
"1123","St. Gervasi","Colon cancer",66,5577,7634,73.0547550432277,1.18343195266272
"1124","St. Gervasi","Depression",362,5577,7634,73.0547550432277,6.49094495248341
"1125","St. Gervasi","Diabetes",285,5577,7634,73.0547550432277,5.11027434104357
"1126","St. Gervasi","Heart failure",78,5577,7634,73.0547550432277,1.3986013986014
"1127","St. Gervasi","HIV",5,5577,7634,73.0547550432277,0.089653935807782
"1128","St. Gervasi","IBS/IBD",55,5577,7634,73.0547550432277,0.986193293885602
"1129","St. Gervasi","Kidney diseases",244,5577,7634,73.0547550432277,4.37511206741976
"1130","St. Gervasi","Lung cancer",21,5577,7634,73.0547550432277,0.376546530392684
"1131","St. Gervasi","Mania",2,5577,7634,73.0547550432277,0.0358615743231128
"1132","St. Gervasi","Obesity",583,5577,7634,73.0547550432277,10.4536489151874
"1133","St. Gervasi","Psoriasis",82,5577,7634,73.0547550432277,1.47032454724762
"1134","St. Gervasi","Schizophrenia",21,5577,7634,73.0547550432277,0.376546530392684
"1135","St. Gervasi","Schizophrenia disorder",7,5577,7634,73.0547550432277,0.125515510130895
"1136","St. Gervasi","Thyroid cancer",10,5577,7634,73.0547550432277,0.179307871615564
"1137","St. Gervasi","Thyroid function",434,5577,7634,73.0547550432277,7.78196162811548
